Player,Team,GP,MP,PTS,AST,FG,FGA,FG%,3P,3PA,3P%,FT,FTA,FT%,ORB,DRB,STL,BLK,TOV,PF,ORtg,DRtg
Quincy Acy,NYK,68,1287,16.3,2.8,6.2,13.5,.459,0.7,2.5,.300,3.1,4.0,.784,3.2,9.1,1.1,0.9,2.5,6.0,105,109
Jordan Adams,MEM,30,248,19.8,3.4,7.4,18.1,.407,2.1,5.3,.400,2.9,4.8,.609,1.9,4.0,3.4,1.5,2.9,5.1,96,100
Steven Adams,OKC,70,1771,15.2,1.9,6.1,11.3,.544,0.0,0.1,.000,2.9,5.8,.502,5.6,9.2,1.1,2.4,2.8,6.3,108,104
Jeff Adrien,MIN,17,215,14.2,3.5,4.5,10.4,.432,0.0,0.0,,5.2,9.0,.579,5.4,12.8,0.9,2.1,2.1,7.1,109,108
Arron Afflalo,TOT,78,2502,20.8,2.6,7.5,17.8,.424,2.4,6.7,.354,3.4,4.0,.843,0.5,4.4,0.8,0.1,2.3,3.4,103,111
Arron Afflalo,DEN,53,1750,22.0,2.9,8.0,18.8,.428,2.3,6.9,.337,3.6,4.3,.841,0.6,4.5,0.9,0.1,2.4,3.1,104,112
Arron Afflalo,POR,25,752,17.9,1.9,6.4,15.4,.414,2.4,6.1,.400,2.7,3.2,.851,0.4,4.1,0.6,0.1,2.2,4.0,100,108
Alexis Ajinça,NOP,68,957,24.3,2.6,9.9,18.1,.550,0.0,0.0,,4.4,5.4,.818,5.7,11.6,1.2,2.8,3.8,8.3,113,103
Furkan Aldemir,PHI,41,540,8.6,2.6,3.7,7.2,.513,0.0,0.5,.000,1.2,2.5,.481,7.2,9.1,1.6,1.5,1.6,8.9,117,104
Cole Aldrich,NYK,61,976,18.2,4.0,7.8,16.2,.478,0.0,0.0,,2.7,3.5,.781,5.4,12.8,2.0,3.5,3.2,6.6,104,102
LaMarcus Aldridge,POR,71,2512,33.7,2.5,13.4,28.7,.466,0.8,2.1,.352,6.2,7.3,.845,3.6,11.1,1.0,1.4,2.5,2.5,108,102
Lavoy Allen,IND,63,1070,15.2,3.5,6.8,14.4,.472,0.0,0.0,,1.6,2.3,.702,5.9,9.6,0.7,2.0,1.9,4.9,109,102
Tony Allen,MEM,63,1648,17.1,2.7,7.1,14.4,.495,0.3,0.9,.345,2.5,4.0,.627,3.3,5.6,4.1,1.0,2.7,5.3,103,98
Al-Farouq Aminu,DAL,74,1366,15.2,2.2,5.4,13.2,.412,1.3,4.6,.274,3.1,4.4,.712,4.2,8.4,2.6,2.3,2.0,5.1,107,102
Lou Amundson,TOT,53,937,14.5,3.9,6.1,14.3,.427,0.0,0.1,.000,2.3,4.9,.471,5.3,9.8,1.2,2.9,3.5,7.1,92,106
Lou Amundson,CLE,12,79,7.2,3.3,2.6,7.9,.333,0.0,0.0,,2.0,3.3,.600,3.3,9.9,0.7,0.0,3.3,7.2,84,107
Lou Amundson,NYK,41,858,15.2,4.0,6.4,14.9,.432,0.0,0.1,.000,2.3,5.0,.463,5.5,9.8,1.3,3.2,3.5,7.1,92,106
Chris Andersen,MIA,60,1132,14.9,2.0,5.6,9.7,.580,0.2,0.6,.308,3.5,5.3,.667,3.5,10.4,1.2,2.8,1.9,4.1,121,103
Alan Anderson,BRK,74,1744,16.2,2.5,5.8,13.1,.443,2.2,6.2,.348,2.4,3.0,.812,0.9,5.1,1.7,0.1,1.8,4.4,109,109
Kyle Anderson,SAS,33,358,10.6,4.0,4.4,12.7,.348,0.4,1.6,.273,1.3,2.0,.643,0.7,9.6,2.1,1.0,1.4,4.0,87,100
Ryan Anderson,NOP,61,1675,26.1,1.7,9.1,22.9,.399,3.8,11.3,.340,4.0,4.7,.854,3.4,5.9,1.0,0.6,1.9,3.5,109,110
Giannis Antetokounmpo,MIL,81,2541,20.7,4.2,7.7,15.7,.491,0.1,0.9,.159,5.2,7.0,.741,2.0,8.9,1.5,1.7,3.5,5.1,105,101
Carmelo Anthony,NYK,40,1428,35.6,4.5,13.2,29.7,.444,2.2,6.6,.341,7.0,8.7,.797,2.7,7.1,1.5,0.6,3.3,3.2,106,110
Joel Anthony,DET,49,406,11.1,0.6,4.6,7.9,.581,0.0,0.0,,1.9,2.8,.682,4.1,7.8,1.5,6.2,1.5,7.0,119,100
Pero Antić,ATL,63,1037,17.5,2.4,5.3,14.6,.365,2.6,8.5,.301,4.3,6.1,.715,2.9,6.5,0.9,0.7,2.4,6.5,102,106
Trevor Ariza,HOU,82,2930,17.8,3.5,6.2,15.4,.402,3.3,9.4,.350,2.1,2.4,.853,1.3,6.5,2.6,0.3,2.4,3.2,107,103
Darrell Arthur,DEN,58,988,19.3,2.9,7.8,19.4,.404,1.3,5.6,.236,2.3,3.0,.780,2.7,6.0,2.4,1.3,2.4,7.4,97,106
Ömer Aşık,NOP,76,1982,14.8,1.9,5.6,10.9,.517,0.0,0.0,,3.5,6.0,.582,6.5,13.4,0.8,1.4,2.5,3.8,112,105
D.J. Augustin,TOT,82,1964,20.2,9.2,6.7,16.9,.399,2.2,6.4,.337,4.6,5.3,.868,0.5,3.7,1.3,0.1,3.8,2.4,107,110
D.J. Augustin,DET,54,1287,23.1,10.6,7.6,18.5,.410,2.0,6.0,.327,5.9,6.8,.870,0.5,3.5,1.3,0.1,4.4,2.5,108,110
D.J. Augustin,OKC,28,677,15.0,6.5,5.1,13.8,.371,2.5,7.1,.354,2.3,2.7,.861,0.5,4.0,1.2,0.1,2.6,2.4,105,110
Jeff Ayres,SAS,51,383,18.3,1.9,7.4,12.7,.579,0.0,0.0,,3.6,4.8,.750,4.9,10.7,1.1,1.1,3.5,8.0,112,101
Luke Babbitt,NOP,63,830,16.2,1.5,5.8,12.2,.479,3.7,7.3,.513,0.8,1.2,.684,0.8,6.3,1.1,0.7,1.6,4.0,117,110
Cameron Bairstow,CHI,18,64,8.1,0.8,2.4,11.3,.214,0.0,0.0,,3.2,4.0,.800,4.9,1.6,1.6,0.8,2.4,6.5,77,108
Leandro Barbosa,GSW,66,982,23.2,4.9,9.1,19.2,.474,2.1,5.6,.384,2.9,3.7,.784,1.1,3.4,2.0,0.4,2.2,4.3,111,104
J.J. Barea,DAL,77,1362,21.5,9.7,8.3,19.8,.420,2.0,6.2,.323,2.8,3.5,.809,0.9,4.1,1.2,0.0,2.6,3.9,109,110
Andrea Bargnani,NYK,29,785,28.8,3.1,11.0,24.2,.454,1.0,2.7,.366,5.8,7.2,.813,2.1,6.4,0.1,1.8,2.8,3.6,104,113
Harrison Barnes,GSW,82,2318,17.4,2.4,6.7,13.8,.482,1.8,4.5,.405,2.3,3.2,.720,2.5,7.1,1.3,0.4,1.5,3.1,116,104
Matt Barnes,LAC,76,2271,17.1,2.5,6.2,13.9,.444,3.0,8.4,.362,1.7,2.1,.779,1.1,5.6,1.5,1.1,1.9,5.4,108,107
Earl Barron,PHO,16,143,11.2,1.7,4.2,13.6,.308,0.7,1.4,.500,2.1,4.2,.500,4.9,4.9,1.4,0.7,1.7,9.1,87,108
Will Barton,TOT,58,983,20.3,4.1,7.7,18.0,.425,1.2,4.3,.271,3.8,4.8,.787,1.3,7.0,2.5,1.0,3.1,3.6,99,105
Will Barton,POR,30,300,15.3,4.6,6.5,17.0,.380,0.7,3.1,.222,1.7,2.5,.667,0.5,5.3,2.4,0.7,2.9,3.4,86,103
Will Barton,DEN,28,683,22.4,3.9,8.2,18.5,.443,1.4,4.9,.284,4.7,5.8,.810,1.7,7.7,2.5,1.1,3.2,3.7,104,106
Brandon Bass,BOS,82,1929,22.5,2.7,8.9,17.7,.504,0.2,0.8,.281,4.4,5.6,.790,3.6,6.7,1.1,0.8,2.2,3.6,112,106
Nicolas Batum,POR,71,2380,14.2,7.3,5.1,12.8,.400,2.1,6.6,.324,1.8,2.1,.857,1.3,7.6,1.7,0.9,2.8,2.3,106,103
Jerryd Bayless,MIL,77,1717,17.8,6.9,6.5,15.3,.426,1.1,3.6,.308,3.6,4.1,.883,0.7,5.6,1.8,0.4,4.0,4.8,99,104
Aron Baynes,SAS,70,1122,21.0,1.6,8.4,14.9,.566,0.0,0.2,.250,4.1,4.7,.865,5.0,9.5,0.7,1.0,3.0,7.4,116,103
Kent Bazemore,ATL,75,1324,15.1,3.0,5.4,12.8,.426,1.9,5.1,.364,2.3,3.9,.600,0.8,7.8,2.0,1.3,2.8,4.9,94,102
Bradley Beal,WAS,63,2107,23.4,4.7,8.8,20.7,.427,2.6,6.3,.409,3.2,4.0,.783,1.4,4.5,1.8,0.4,3.0,3.3,102,105
Michael Beasley,MIA,24,505,22.2,3.3,9.6,22.2,.434,0.8,3.6,.235,2.1,2.7,.769,1.3,8.1,1.6,1.4,3.9,6.9,89,106
Marco Belinelli,SAS,62,1388,20.9,3.5,7.3,17.3,.423,3.2,8.5,.374,3.1,3.7,.848,1.0,4.8,1.1,0.1,2.2,3.1,107,106
Jerrelle Benimon,UTA,2,3,0.0,0.0,0.0,0.0,,0.0,0.0,,0.0,0.0,,17.7,35.4,0.0,0.0,17.7,0.0,46,93
Anthony Bennett,MIN,57,894,16.9,2.7,7.1,16.9,.421,0.4,1.3,.304,2.3,3.6,.641,3.0,9.3,1.5,0.9,2.0,4.9,96,111
Patrick Beverley,HOU,56,1727,16.4,5.5,5.9,15.3,.383,3.3,9.3,.356,1.3,1.7,.750,1.9,4.9,1.7,0.7,2.4,5.2,107,106
Sim Bhullar,SAC,3,3,33.6,16.8,16.8,33.6,.500,0.0,0.0,,0.0,0.0,,0.0,16.8,0.0,16.8,0.0,0.0,124,88
Bismack Biyombo,CHO,64,1243,12.6,0.7,4.2,7.7,.543,0.0,0.0,,4.2,7.3,.583,6.6,10.3,0.7,4.1,2.2,5.8,115,99
Tarik Black,TOT,63,1196,16.0,1.8,6.6,11.6,.575,0.0,0.0,.000,2.8,5.0,.551,6.0,9.6,0.8,1.0,2.0,6.7,118,108
Tarik Black,HOU,25,393,13.3,1.0,5.7,10.5,.542,0.0,0.1,.000,1.9,3.7,.517,7.3,8.7,0.8,0.3,2.4,7.1,112,105
Tarik Black,LAL,38,803,17.4,2.2,7.1,12.1,.589,0.0,0.0,,3.2,5.7,.562,5.3,10.0,0.8,1.4,1.8,6.5,121,110
DeJuan Blair,WAS,29,180,15.9,0.9,7.4,16.2,.456,0.0,0.0,,1.1,1.7,.667,4.6,11.4,2.0,0.3,3.7,11.7,88,100
Steve Blake,POR,81,1529,11.7,9.6,4.1,10.9,.373,2.6,7.3,.352,1.0,1.4,.707,0.5,4.0,1.4,0.2,3.5,3.9,103,107
Eric Bledsoe,PHO,81,2800,24.5,8.8,8.3,18.6,.447,1.6,4.8,.324,6.3,7.9,.800,1.3,6.2,2.3,0.8,4.9,3.4,107,106
Vander Blue,LAL,2,74,15.2,5.5,6.2,20.7,.300,1.4,6.9,.200,1.4,3.5,.400,1.4,4.8,2.1,0.0,4.1,2.8,72,112
Bojan Bogdanović,BRK,78,1854,19.5,1.9,7.3,16.1,.453,2.5,7.1,.355,2.4,3.0,.821,1.4,4.6,0.9,0.3,2.2,2.9,106,111
Andrew Bogut,GSW,67,1583,13.0,5.6,6.2,11.0,.563,0.0,0.0,,0.7,1.3,.524,4.4,12.4,1.2,3.5,3.3,5.8,110,97
Matt Bonner,SAS,72,935,14.5,2.6,5.1,12.6,.409,2.5,6.9,.365,1.6,2.0,.811,1.6,4.7,0.5,0.7,0.6,3.6,116,107
Trevor Booker,UTA,79,1564,19.3,2.8,7.7,15.8,.487,1.0,2.9,.345,2.9,5.0,.581,4.7,8.8,1.5,1.4,3.0,4.9,107,104
Carlos Boozer,LAL,71,1692,25.2,2.9,11.2,22.4,.499,0.0,0.0,,2.8,4.5,.627,3.4,11.2,1.2,0.4,2.8,5.6,102,109
Chris Bosh,MIA,44,1556,31.5,3.2,11.6,25.3,.460,2.1,5.7,.375,6.1,7.9,.772,1.6,9.0,1.4,0.8,3.2,2.3,106,106
Avery Bradley,BOS,77,2428,22.1,2.8,9.0,20.9,.429,2.6,7.3,.352,1.6,2.1,.790,0.9,4.0,1.7,0.3,2.2,3.7,99,107
Elton Brand,ATL,36,486,10.1,2.3,4.4,10.0,.442,0.0,0.1,.000,1.3,2.4,.522,2.9,7.6,1.8,2.6,1.9,5.7,96,101
Corey Brewer,TOT,80,2087,22.0,4.2,8.2,19.3,.426,1.5,5.6,.268,4.0,5.4,.743,1.9,5.2,2.7,0.5,3.1,4.2,101,106
Corey Brewer,MIN,24,680,18.8,5.8,7.0,16.8,.418,0.6,3.1,.195,4.1,5.8,.705,2.4,4.6,4.0,0.3,3.7,4.6,97,109
Corey Brewer,HOU,56,1407,23.5,3.4,8.8,20.5,.429,1.9,6.9,.284,4.0,5.2,.764,1.7,5.5,2.1,0.5,2.9,3.9,103,105
Aaron Brooks,CHI,82,1885,26.2,7.2,9.4,22.4,.421,3.3,8.6,.387,4.0,4.8,.833,0.9,3.7,1.5,0.4,4.3,5.2,103,107
Jabari Brown,LAL,19,568,20.4,3.6,6.3,15.3,.412,2.1,5.6,.371,5.8,7.6,.753,0.3,3.0,1.1,0.2,2.9,3.0,104,115
Lorenzo Brown,MIN,29,549,11.3,8.3,4.8,11.3,.426,0.6,2.6,.214,1.1,1.8,.632,1.3,5.2,2.6,0.6,2.8,4.5,99,111
Markel Brown,BRK,47,781,14.3,2.6,5.0,13.9,.362,1.1,4.2,.266,3.1,3.8,.825,1.1,6.0,2.1,0.8,1.8,3.8,95,107
Shannon Brown,MIA,5,89,11.9,1.8,4.2,11.3,.368,1.8,4.2,.429,1.8,2.4,.750,0.0,0.6,2.4,0.0,2.4,4.7,87,110
Kobe Bryant,LAL,35,1207,33.1,8.3,11.3,30.2,.373,2.3,7.8,.293,8.3,10.2,.813,1.1,7.3,2.0,0.3,5.4,2.8,96,110
Chase Budinger,MIN,67,1286,18.1,2.5,6.7,15.4,.433,2.1,5.7,.364,2.6,3.2,.827,1.3,6.5,1.7,0.4,1.9,2.8,106,113
Reggie Bullock,TOT,36,338,10.3,1.2,3.6,10.5,.343,2.2,6.9,.326,0.9,1.3,.667,0.1,7.3,1.5,0.6,1.2,2.8,88,106
Reggie Bullock,LAC,25,263,12.5,1.2,4.4,10.4,.426,2.9,7.5,.385,0.8,1.0,.800,0.0,7.7,1.7,0.4,1.2,3.3,106,106
Reggie Bullock,PHO,11,75,2.7,1.3,0.7,10.6,.063,0.0,4.7,.000,1.3,2.7,.500,0.7,6.0,0.7,1.3,1.3,1.3,33,109
Trey Burke,UTA,76,2288,22.6,7.6,8.6,23.3,.368,2.9,9.1,.318,2.5,3.4,.752,0.7,4.0,1.5,0.3,2.9,2.8,100,108
Alec Burks,UTA,27,899,22.1,4.8,7.1,17.7,.403,1.5,4.0,.382,6.3,7.6,.822,1.1,5.6,1.0,0.3,3.1,3.8,107,109
Caron Butler,DET,78,1623,14.7,2.5,5.1,12.6,.407,2.6,7.0,.379,1.8,1.9,.902,0.7,5.6,1.4,0.1,1.6,3.8,108,109
Jimmy Butler,CHI,65,2513,26.8,4.4,8.7,18.8,.462,1.5,4.0,.378,7.9,9.5,.834,2.3,5.5,2.3,0.7,1.9,2.2,122,104
Rasual Butler,WAS,75,1505,19.7,2.1,7.4,17.6,.422,3.1,8.0,.387,1.8,2.3,.791,0.9,5.8,1.0,0.7,1.6,3.3,104,105
Dwight Buycks,LAL,6,123,21.6,5.8,7.5,16.6,.450,2.9,4.6,.636,3.7,4.2,.900,0.8,4.2,1.2,0.0,5.0,1.2,102,114
Will Bynum,WAS,7,67,16.8,13.8,7.6,23.7,.323,0.0,6.9,.000,1.5,3.1,.500,1.5,3.1,0.8,0.8,6.1,6.9,77,107
Bruno Caboclo,TOR,8,23,22.5,0.0,9.0,27.0,.333,4.5,6.7,.667,0.0,0.0,,2.2,2.2,0.0,2.2,9.0,6.7,65,113
Nick Calathes,MEM,58,838,15.1,9.1,6.5,15.4,.421,0.7,2.7,.256,1.5,2.8,.533,1.2,5.4,3.9,0.3,3.8,6.2,93,99
José Calderón,NYK,42,1270,15.8,8.2,6.1,14.7,.415,2.4,5.9,.415,1.2,1.3,.906,0.8,4.4,1.3,0.0,3.1,3.2,103,113
Kentavious Caldwell-Pope,DET,82,2587,20.9,2.2,7.8,19.4,.401,3.1,8.9,.345,2.2,3.2,.696,0.9,4.2,1.9,0.4,1.9,3.2,101,109
Isaiah Canaan,TOT,47,938,23.0,5.2,7.8,20.1,.386,4.8,13.1,.370,2.6,3.2,.817,1.0,3.7,1.5,0.2,3.3,4.4,103,108
Isaiah Canaan,HOU,25,369,20.7,3.9,7.1,17.6,.405,4.3,11.3,.381,2.2,2.8,.762,1.5,3.0,1.9,0.0,3.1,3.8,105,107
Isaiah Canaan,PHI,22,569,24.5,6.1,8.2,21.8,.377,5.2,14.3,.364,2.9,3.4,.846,0.6,4.1,1.3,0.3,3.4,4.8,102,109
Clint Capela,HOU,12,90,17.7,1.1,7.7,16.0,.483,0.0,0.0,,2.2,12.7,.174,5.5,14.4,0.6,5.0,2.8,7.7,84,97
DeMarre Carroll,ATL,70,2189,20.6,2.8,7.4,15.2,.487,2.8,7.1,.395,3.0,4.2,.702,2.3,6.4,2.2,0.4,1.8,3.6,117,104
Vince Carter,MEM,66,1091,18.4,3.8,6.5,19.4,.333,3.3,11.1,.297,2.2,2.7,.789,1.3,5.1,2.1,0.7,2.1,4.9,94,103
Michael Carter-Williams,TOT,66,2149,22.7,10.4,8.5,21.6,.396,0.8,3.6,.235,4.7,6.8,.694,1.5,6.8,2.6,0.7,5.9,3.9,91,103
Michael Carter-Williams,PHI,41,1391,22.1,10.9,8.4,22.0,.380,1.2,4.5,.256,4.2,6.6,.643,1.5,7.6,2.2,0.6,6.3,3.7,88,105
Michael Carter-Williams,MIL,25,758,23.8,9.4,8.9,20.7,.429,0.3,1.9,.143,5.7,7.3,.780,1.4,5.2,3.4,0.8,5.3,4.3,97,101
Omri Casspi,SAC,67,1416,21.1,3.6,7.4,15.2,.489,1.2,3.1,.402,5.0,6.8,.733,1.9,7.3,1.1,0.3,3.1,3.8,110,110
Mario Chalmers,MIA,80,2368,18.1,6.8,6.0,14.8,.403,1.6,5.5,.294,4.6,5.9,.774,0.5,4.1,2.7,0.2,3.9,5.6,100,107
Tyson Chandler,DAL,75,2286,17.0,1.9,6.5,9.7,.666,0.0,0.0,,4.1,5.7,.720,6.5,12.6,0.9,2.0,2.3,3.7,133,103
Wilson Chandler,DEN,78,2471,21.9,2.7,8.4,19.7,.429,2.8,8.2,.342,2.2,2.9,.775,1.9,7.7,1.2,0.6,2.2,4.7,104,109
Will Cherry,CLE,8,69,11.3,6.0,3.8,14.3,.263,1.5,6.8,.222,2.3,4.5,.500,0.8,3.0,4.5,0.8,3.0,7.5,80,103
Patrick Christopher,UTA,4,29,11.0,0.0,5.5,22.0,.250,0.0,7.3,.000,0.0,0.0,,3.7,7.3,1.8,0.0,1.8,11.0,61,106
Earl Clark,BRK,10,93,15.0,1.7,6.1,16.7,.367,2.2,7.8,.286,0.6,2.2,.250,0.6,12.2,1.7,2.2,3.3,6.7,76,102
Ian Clark,TOT,30,192,15.6,3.3,5.2,15.1,.345,2.7,8.2,.333,2.5,2.5,1.000,1.1,3.3,2.5,0.8,2.5,5.5,99,106
Ian Clark,UTA,23,161,14.5,3.3,4.9,14.5,.341,3.0,8.2,.360,1.6,1.6,1.000,1.3,3.0,2.0,0.7,2.3,4.0,98,108
Ian Clark,DEN,7,31,20.9,3.2,6.4,17.7,.364,1.6,8.1,.200,6.4,6.4,1.000,0.0,4.8,4.8,1.6,3.2,12.9,99,101
Jordan Clarkson,LAL,59,1476,24.3,7.1,9.2,20.6,.448,1.3,4.2,.314,4.5,5.5,.829,1.9,4.7,1.8,0.4,3.3,3.8,107,112
Victor Claver,POR,10,76,16.1,0.7,6.0,13.4,.450,4.0,7.4,.545,0.0,0.0,,2.0,11.4,0.7,0.7,2.7,8.0,102,103
Norris Cole,TOT,75,1831,16.5,7.3,6.6,16.1,.412,1.6,5.1,.313,1.7,2.3,.716,0.4,4.2,1.6,0.4,2.8,3.6,99,109
Norris Cole,MIA,47,1148,13.6,7.6,5.4,14.1,.386,1.2,4.7,.265,1.5,2.1,.696,0.6,4.4,1.9,0.4,2.7,3.4,96,109
Norris Cole,NOP,28,683,21.4,6.9,8.6,19.4,.444,2.2,5.7,.378,2.0,2.7,.743,0.1,3.8,1.2,0.5,3.2,3.8,103,111
Darren Collison,SAC,45,1565,23.3,8.1,8.4,17.7,.473,1.9,5.2,.373,4.7,5.9,.788,0.6,4.0,2.2,0.5,3.6,3.1,112,110
Nick Collison,OKC,66,1101,12.4,4.1,4.8,11.5,.419,0.7,2.7,.267,2.0,3.0,.692,4.1,7.3,1.6,1.1,2.0,7.1,108,105
Mike Conley,MEM,70,2225,26.0,8.8,9.2,20.7,.446,2.5,6.5,.386,5.0,5.8,.859,0.7,4.2,2.1,0.3,3.7,3.3,110,104
Jack Cooley,UTA,16,87,16.5,0.6,5.5,13.4,.409,0.0,0.0,,5.5,12.8,.429,6.1,9.2,3.7,1.8,1.8,14.0,97,98
Chris Copeland,IND,50,828,19.2,3.2,7.0,19.3,.361,3.2,10.4,.311,2.1,2.8,.733,1.4,5.5,0.7,0.7,3.7,4.9,88,106
Bryce Cotton,UTA,15,159,26.7,5.0,9.7,23.0,.420,2.3,6.7,.350,5.0,6.0,.833,1.0,5.0,1.3,0.0,4.0,2.0,102,109
DeMarcus Cousins,SAC,59,2013,35.5,5.3,12.5,26.7,.467,0.1,0.2,.250,10.6,13.5,.782,4.6,14.1,2.3,2.6,6.4,6.0,104,101
Robert Covington,PHI,70,1956,24.2,2.7,7.7,19.4,.396,4.3,11.4,.374,4.6,5.6,.820,1.7,6.4,2.5,0.8,3.3,4.8,104,104
Allen Crabbe,POR,51,683,12.5,2.9,4.7,11.4,.412,2.2,6.3,.353,0.9,1.2,.750,0.5,4.9,1.4,1.1,1.1,5.5,108,105
Jamal Crawford,LAC,64,1703,30.1,4.7,9.9,25.0,.396,3.5,10.8,.327,6.8,7.5,.901,0.5,3.2,1.8,0.4,2.7,3.2,106,109
Jae Crowder,TOT,82,1647,19.1,2.9,7.0,16.6,.420,1.9,6.3,.293,3.3,4.3,.773,2.2,6.7,2.2,0.8,1.5,4.2,108,104
Jae Crowder,DAL,25,265,16.9,2.3,6.3,14.5,.434,2.5,7.2,.342,1.9,2.1,.909,2.3,3.2,2.9,1.0,1.9,4.9,109,106
Jae Crowder,BOS,57,1382,19.5,3.0,7.1,17.0,.418,1.7,6.2,.282,3.6,4.7,.762,2.2,7.4,2.1,0.7,1.4,4.0,108,104
Dante Cunningham,NOP,66,1652,10.8,1.6,4.9,10.8,.457,0.0,0.3,.100,0.9,1.5,.617,2.2,5.9,1.5,1.2,1.1,3.2,102,108
Jared Cunningham,LAC,19,89,19.9,5.7,6.8,18.8,.364,2.3,7.4,.308,4.0,7.4,.538,0.6,4.6,1.7,0.0,4.0,6.8,88,108
Seth Curry,PHO,2,8,0.0,6.2,0.0,18.7,.000,0.0,6.2,.000,0.0,0.0,,0.0,12.5,0.0,0.0,0.0,12.5,21,107
Stephen Curry,GSW,80,2613,35.5,11.6,12.2,25.1,.487,5.3,12.1,.443,5.8,6.3,.914,1.0,5.3,3.0,0.3,4.7,3.0,122,101
Samuel Dalembert,NYK,32,544,12.4,2.8,5.5,12.6,.438,0.0,0.0,,1.4,1.9,.700,5.1,11.1,1.4,4.0,3.8,6.8,90,104
Troy Daniels,TOT,47,397,22.5,2.8,7.8,21.1,.370,5.5,15.1,.364,1.4,1.7,.846,1.0,3.2,0.8,0.1,2.6,5.1,99,112
Troy Daniels,HOU,17,108,21.2,1.8,6.9,21.6,.319,6.0,19.8,.302,1.4,1.8,.750,0.0,2.8,0.0,0.0,2.3,6.4,92,111
Troy Daniels,MIN,19,154,17.5,4.3,6.3,19.5,.322,4.3,12.9,.333,0.7,0.7,1.000,2.0,4.3,1.0,0.0,2.6,4.6,92,116
Troy Daniels,CHO,11,135,29.5,1.9,10.3,22.6,.458,6.5,13.8,.472,2.3,2.7,.857,0.8,2.3,1.1,0.4,2.7,4.6,110,108
Luigi Datome,TOT,21,209,25.2,2.2,10.3,21.4,.483,4.3,9.6,.450,0.2,0.2,1.000,0.7,6.2,0.5,1.7,2.2,3.6,107,107
Luigi Datome,DET,3,17,33.5,6.1,15.2,36.5,.417,3.0,12.2,.250,0.0,0.0,,3.0,9.1,3.0,0.0,6.1,3.0,88,103
Luigi Datome,BOS,18,192,24.5,1.8,9.9,20.1,.494,4.4,9.4,.472,0.3,0.3,1.000,0.5,6.0,0.3,1.8,1.8,3.7,110,107
Brandon Davies,TOT,27,423,16.9,3.6,6.5,16.3,.401,1.0,4.0,.235,2.9,4.4,.649,4.5,5.4,2.1,0.8,3.4,7.0,94,106
Brandon Davies,PHI,20,379,16.7,3.7,6.5,15.7,.412,0.9,4.0,.233,2.8,4.4,.636,4.6,5.0,2.2,0.5,3.3,7.1,96,106
Brandon Davies,BRK,7,44,18.8,2.4,7.1,21.2,.333,1.2,4.7,.250,3.5,4.7,.750,3.5,8.2,1.2,3.5,4.7,5.9,80,104
Anthony Davis,NOP,68,2455,35.4,3.2,13.7,25.7,.535,0.0,0.3,.083,7.9,9.9,.805,3.7,11.2,2.1,4.3,2.0,3.0,122,100
Ed Davis,LAL,79,1840,18.2,2.6,7.8,13.0,.601,0.0,0.0,,2.6,5.2,.487,6.4,10.3,1.4,2.7,1.6,5.6,124,107
Glen Davis,LAC,74,904,16.5,2.2,6.6,14.3,.459,0.0,0.2,.000,3.4,5.3,.632,2.4,7.1,2.3,1.2,2.2,7.4,100,104
Andre Dawkins,MIA,4,22,7.2,2.4,2.4,14.4,.167,2.4,14.4,.167,0.0,0.0,,0.0,4.8,0.0,0.0,2.4,7.2,53,113
Austin Daye,TOT,34,344,19.2,2.5,7.4,21.0,.355,3.6,10.6,.338,0.7,0.9,.833,1.5,9.7,1.8,0.7,3.4,5.8,85,101
Austin Daye,SAS,26,268,19.7,1.7,7.6,22.0,.348,3.6,10.9,.333,0.8,0.8,1.000,1.1,10.5,1.5,0.6,3.4,5.7,82,101
Austin Daye,ATL,8,76,17.5,5.4,6.7,17.5,.385,3.4,9.4,.357,0.7,1.3,.500,2.7,6.7,2.7,1.3,3.4,6.1,96,101
Dewayne Dedmon,ORL,59,845,13.1,0.5,5.5,9.8,.562,0.0,0.1,.000,2.1,3.9,.531,7.1,10.7,1.0,3.0,3.1,8.5,107,104
Matthew Dellavedova,CLE,67,1380,12.0,7.7,4.2,11.6,.362,2.6,6.3,.407,1.1,1.4,.763,1.4,3.4,0.9,0.1,2.3,5.7,109,111
Luol Deng,MIA,72,2421,22.0,3.0,8.0,17.2,.469,1.7,4.8,.355,4.2,5.5,.761,2.2,6.0,1.4,0.5,2.4,2.4,110,109
DeMar DeRozan,TOR,60,2100,29.6,5.2,10.1,24.4,.413,0.6,2.2,.284,8.9,10.7,.832,1.0,5.8,1.8,0.3,3.4,3.0,104,109
Boris Diaw,SAS,81,1984,18.3,6.0,7.5,16.3,.460,1.4,4.4,.320,1.9,2.4,.774,2.0,7.0,0.9,0.6,3.3,3.8,103,105
Gorgui Dieng,MIN,73,2193,16.5,3.4,6.0,11.9,.506,0.0,0.1,.167,4.4,5.7,.783,5.2,8.9,1.6,2.9,2.9,4.4,113,108
Spencer Dinwiddie,DET,34,455,16.5,11.8,5.8,19.2,.302,1.4,7.4,.185,3.5,3.9,.912,0.5,5.0,2.2,0.7,3.8,6.0,92,107
Joey Dorsey,HOU,69,854,10.7,1.5,4.7,8.4,.552,0.0,0.1,.000,1.4,4.8,.289,6.0,10.2,2.3,1.5,2.4,9.1,103,100
Toney Douglas,NOP,12,177,15.1,7.1,5.6,15.1,.373,1.5,5.3,.278,2.4,3.9,.615,0.6,5.9,3.3,1.2,3.0,5.9,95,104
Chris Douglas-Roberts,LAC,12,103,9.3,2.0,2.5,10.3,.238,0.5,3.4,.143,3.9,3.9,1.000,0.5,5.4,0.5,0.0,0.0,6.9,96,110
Goran Dragić,TOT,78,2640,24.5,6.7,9.7,19.3,.501,1.7,5.0,.347,3.5,4.5,.774,1.6,3.7,1.5,0.3,3.3,3.8,112,110
Goran Dragić,PHO,52,1735,24.2,6.1,9.8,19.5,.501,1.9,5.3,.355,2.8,3.7,.746,1.5,3.9,1.4,0.3,3.3,3.4,111,110
Goran Dragić,MIA,26,905,25.2,8.1,9.5,18.8,.502,1.4,4.3,.329,4.9,6.1,.808,1.8,3.4,1.6,0.4,3.4,4.4,115,110
Zoran Dragić,TOT,16,75,19.5,3.5,7.7,20.9,.367,2.1,9.8,.214,2.1,3.5,.600,3.5,2.1,1.4,0.0,3.5,4.2,89,112
Zoran Dragić,PHO,6,13,23.0,3.8,7.7,30.7,.250,0.0,19.2,.000,7.7,11.5,.667,7.7,3.8,0.0,0.0,0.0,3.8,88,113
Zoran Dragić,MIA,10,62,18.7,3.4,7.7,18.7,.409,2.6,7.7,.333,0.9,1.7,.500,2.6,1.7,1.7,0.0,4.3,4.3,89,111
Larry Drew,PHI,12,219,10.5,10.3,4.6,13.3,.345,0.9,6.0,.154,0.5,0.7,.667,0.2,3.2,1.4,0.0,5.7,3.0,77,110
Andre Drummond,DET,82,2502,23.4,1.1,10.2,19.9,.514,0.0,0.0,.000,2.9,7.5,.389,9.0,13.8,1.5,3.2,2.5,5.9,107,100
Jared Dudley,MIL,72,1717,15.4,3.9,5.9,12.6,.468,2.2,5.7,.385,1.4,2.0,.716,1.3,5.2,2.1,0.3,1.8,3.4,112,104
Tim Duncan,SAS,77,2227,24.6,5.3,9.6,18.8,.512,0.0,0.2,.286,5.3,7.1,.740,3.9,12.3,1.4,3.5,3.0,3.8,113,97
Mike Dunleavy,CHI,63,1838,16.7,3.2,5.9,13.5,.435,3.0,7.4,.407,2.0,2.4,.805,0.8,6.2,1.1,0.6,1.7,3.5,113,106
Kevin Durant,OKC,27,913,37.7,6.0,13.1,25.6,.510,3.5,8.7,.403,8.0,9.4,.854,0.9,8.9,1.3,1.4,4.1,2.2,121,105
Cleanthony Early,NYK,39,647,17.1,2.9,6.2,17.4,.355,1.8,6.8,.262,2.9,3.9,.750,1.8,6.1,2.0,1.0,3.3,4.6,87,110
Wayne Ellington,LAL,65,1675,19.8,3.2,7.7,18.8,.412,2.7,7.4,.370,1.6,2.0,.813,0.9,5.5,1.0,0.1,1.5,2.3,103,114
Monta Ellis,DAL,80,2699,28.3,6.1,11.3,25.3,.445,1.5,5.3,.285,4.3,5.7,.752,0.6,2.9,2.8,0.5,3.7,3.7,100,107
James Ennis,MIA,62,1051,15.7,2.4,5.1,12.4,.409,1.6,4.8,.326,4.0,4.7,.840,2.6,6.3,1.3,0.9,2.0,4.5,110,108
Tyler Ennis,TOT,33,411,15.0,9.0,6.4,17.8,.361,1.5,5.3,.279,0.6,0.9,.714,0.9,3.5,2.2,0.6,5.2,4.5,83,105
Tyler Ennis,PHO,8,58,18.9,12.0,7.7,18.1,.429,1.7,5.2,.333,1.7,1.7,1.000,0.9,5.2,0.0,1.7,6.9,2.6,94,110
Tyler Ennis,MIL,25,353,14.3,8.5,6.2,17.8,.350,1.4,5.3,.270,0.4,0.7,.600,0.9,3.2,2.6,0.4,4.9,4.8,80,104
Jeremy Evans,UTA,38,266,18.0,2.6,6.4,11.6,.552,0.4,1.0,.400,4.8,5.8,.828,5.2,9.0,2.2,2.4,1.0,5.8,139,101
Reggie Evans,SAC,47,764,11.6,2.1,3.8,9.0,.423,0.0,0.1,.000,4.0,6.4,.619,6.4,13.3,1.4,0.3,3.0,6.0,103,106
Tyreke Evans,NOP,79,2690,25.6,10.2,10.2,22.8,.447,1.3,4.4,.304,3.9,5.7,.694,1.6,6.5,2.0,0.7,4.8,3.9,103,107
Dante Exum,UTA,82,1817,11.5,5.8,4.2,12.2,.349,2.4,7.7,.314,0.6,0.9,.625,0.8,3.0,1.2,0.4,3.4,4.3,90,109
Festus Ezeli,GSW,46,504,19.5,0.9,7.4,13.5,.547,0.0,0.0,,4.7,7.6,.628,5.8,9.2,0.7,4.1,3.1,7.5,111,99
Kenneth Faried,DEN,75,2086,22.6,2.1,8.9,17.6,.507,0.0,0.2,.125,4.8,6.9,.691,5.8,10.2,1.5,1.4,2.8,5.1,111,106
Jordan Farmar,LAC,36,529,16.0,6.4,5.8,15.1,.386,3.4,9.3,.361,1.0,1.1,.909,0.8,3.3,1.9,0.5,3.1,5.0,101,108
Derrick Favors,UTA,74,2280,27.6,2.6,11.2,21.4,.525,0.0,0.1,.167,5.2,7.7,.669,4.6,9.6,1.4,2.9,2.8,4.9,113,102
Raymond Felton,DAL,29,281,19.4,7.4,7.7,19.0,.406,1.8,6.1,.294,2.2,2.7,.800,0.4,4.3,2.0,0.7,3.2,3.1,98,108
Landry Fields,TOR,26,216,11.0,3.6,4.8,9.8,.488,0.2,0.5,.500,1.2,1.4,.833,2.4,3.8,2.6,0.0,1.9,2.2,109,109
Evan Fournier,ORL,58,1661,21.5,3.7,7.8,17.7,.440,2.6,6.9,.378,3.3,4.5,.728,0.9,3.8,1.2,0.1,2.5,3.6,105,111
Randy Foye,DEN,50,1087,20.0,5.5,6.8,18.5,.368,4.3,12.1,.357,2.1,2.5,.818,0.4,3.5,1.6,0.5,2.8,4.5,102,111
Jamaal Franklin,DEN,3,13,11.5,11.5,3.8,7.7,.500,3.8,7.7,.500,0.0,0.0,,3.8,3.8,0.0,3.8,11.5,15.4,83,110
Tim Frazier,TOT,11,239,12.0,12.6,4.4,12.9,.344,1.1,3.6,.294,2.1,4.4,.476,1.3,4.6,1.7,0.0,5.3,5.5,88,108
Tim Frazier,PHI,6,171,10.0,12.6,3.8,12.6,.302,0.9,3.2,.273,1.5,4.4,.333,1.2,4.4,1.8,0.0,5.3,4.7,79,108
Tim Frazier,POR,5,68,17.2,12.7,6.0,13.5,.444,1.5,4.5,.333,3.7,4.5,.833,1.5,5.2,1.5,0.0,5.2,7.5,108,106
Jimmer Fredette,NOP,50,509,18.4,6.0,6.5,17.1,.380,0.9,5.0,.188,4.4,4.6,.956,0.8,3.3,1.5,0.2,3.4,4.4,97,111
Joel Freeland,POR,48,617,14.0,1.3,6.1,12.5,.490,0.0,0.0,,1.7,2.1,.840,5.1,10.7,0.7,1.9,1.9,7.7,109,102
Channing Frye,ORL,75,1870,15.0,2.6,5.2,13.3,.392,3.7,9.5,.393,0.8,1.0,.886,0.7,7.3,1.3,1.1,2.1,5.2,101,108
Danilo Gallinari,DEN,59,1426,25.7,2.9,8.0,19.9,.401,3.7,10.5,.355,6.0,6.7,.895,1.1,6.5,1.6,0.7,2.0,3.3,114,109
Langston Galloway,NYK,45,1457,19.3,5.4,7.4,18.5,.399,2.2,6.4,.352,2.3,2.8,.808,1.3,5.5,1.9,0.4,2.2,4.7,101,111
Francisco García,HOU,14,200,11.2,3.7,4.2,15.7,.270,2.5,11.2,.222,0.2,1.0,.250,0.7,3.5,2.2,1.2,2.5,5.0,76,105
Kevin Garnett,TOT,47,952,17.5,4.2,7.8,16.6,.467,0.1,0.4,.143,2.0,2.4,.800,2.6,14.3,2.5,0.9,2.5,5.9,101,101
Kevin Garnett,BRK,42,854,17.3,4.2,7.6,16.7,.455,0.1,0.4,.167,2.1,2.5,.829,2.8,14.5,2.5,0.8,2.7,5.8,99,100
Kevin Garnett,MIN,5,98,19.7,4.2,9.3,16.1,.581,0.0,0.5,.000,1.0,2.1,.500,1.0,12.5,2.6,2.1,0.5,6.7,123,105
Marc Gasol,MEM,81,2687,27.4,6.0,10.3,20.8,.494,0.1,0.3,.176,6.8,8.5,.795,2.2,10.0,1.4,2.5,3.4,4.0,111,100
Pau Gasol,CHI,78,2681,27.9,4.1,11.0,22.2,.494,0.2,0.5,.462,5.7,7.1,.803,4.2,13.5,0.5,2.8,3.0,2.8,112,101
Rudy Gay,SAC,68,2408,29.9,5.2,10.6,23.3,.455,1.7,4.6,.359,7.0,8.2,.858,2.0,6.3,1.5,0.9,3.8,3.3,110,110
Alonzo Gee,TOT,54,662,18.3,1.9,6.6,14.1,.468,1.0,2.7,.371,4.1,5.8,.701,2.8,4.3,2.7,0.5,2.5,4.4,106,107
Alonzo Gee,DEN,39,511,18.6,1.9,6.5,13.4,.482,1.0,2.3,.417,4.7,6.4,.738,2.8,4.0,2.7,0.6,2.4,4.1,111,108
Alonzo Gee,POR,15,151,17.2,2.0,7.1,16.5,.429,1.0,3.7,.273,2.0,4.0,.500,2.7,5.4,2.4,0.3,2.7,5.4,93,104
Paul George,IND,6,91,30.0,3.4,10.2,27.7,.367,5.1,12.5,.409,4.5,6.2,.727,2.3,10.2,2.8,0.6,6.8,6.2,87,99
Taj Gibson,CHI,62,1692,19.6,2.2,7.8,15.5,.502,0.0,0.0,,4.0,5.6,.717,5.0,7.2,1.1,2.3,2.4,5.0,112,104
Manu Ginóbili,SAS,70,1587,23.8,9.5,8.1,19.0,.426,2.9,8.3,.345,4.7,6.6,.721,0.9,5.9,2.2,0.6,5.0,4.5,103,102
Rudy Gobert,UTA,82,2158,16.9,2.7,6.3,10.5,.604,0.0,0.0,.000,4.2,6.7,.623,6.5,12.5,1.6,4.7,2.7,4.3,122,98
Drew Gooden,WAS,51,864,16.4,2.9,6.5,16.4,.399,1.4,3.5,.390,2.0,2.6,.773,4.3,9.0,1.2,0.5,1.7,5.4,103,103
Archie Goodwin,PHO,41,535,21.5,4.1,7.4,18.7,.393,1.1,3.8,.293,5.7,7.7,.735,2.5,4.4,1.7,0.8,4.5,5.1,94,108
Aaron Gordon,ORL,47,797,15.6,2.1,6.0,13.3,.447,0.8,3.1,.271,2.8,3.9,.721,3.0,7.9,1.3,1.4,2.4,5.3,101,107
Ben Gordon,ORL,56,790,22.6,3.2,8.4,19.1,.437,2.3,6.3,.361,3.6,4.3,.836,0.4,3.7,0.9,0.1,3.6,3.9,98,112
Drew Gordon,PHI,9,71,12.0,1.4,5.6,13.4,.421,0.0,2.1,.000,0.7,1.4,.500,4.9,7.8,0.7,0.0,5.6,4.9,73,108
Eric Gordon,NOP,61,2018,21.3,6.0,7.4,18.1,.411,3.7,8.2,.448,2.8,3.5,.805,0.7,3.4,1.3,0.4,3.2,3.8,106,111
Marcin Gortat,WAS,82,2453,20.9,2.0,9.2,16.2,.566,0.0,0.1,.000,2.6,3.7,.703,3.8,11.2,1.0,2.3,2.1,4.0,114,100
Danny Granger,MIA,30,613,16.2,1.5,5.6,14.0,.401,2.6,7.2,.357,2.4,3.2,.757,1.7,5.2,1.1,0.5,2.1,5.8,102,110
Jerami Grant,PHI,65,1377,15.0,2.9,4.5,12.8,.352,1.8,5.7,.314,4.2,7.0,.591,1.8,5.4,1.5,2.5,3.1,5.2,91,106
Danny Green,SAS,81,2312,20.9,3.5,7.1,16.3,.436,4.2,10.1,.418,2.5,2.8,.874,1.2,6.4,2.2,1.9,2.1,3.6,114,100
Draymond Green,GSW,79,2490,18.1,5.7,6.7,15.0,.443,2.2,6.5,.337,2.6,3.9,.660,2.2,10.5,2.4,1.9,2.6,5.0,110,97
Erick Green,DEN,43,410,17.8,4.8,7.4,19.7,.377,1.7,5.7,.298,1.2,1.5,.833,0.9,2.9,1.5,0.0,1.7,3.2,95,112
Gerald Green,PHO,74,1446,30.5,3.1,11.2,26.8,.416,4.7,13.3,.354,3.4,4.1,.825,1.1,5.3,1.4,0.4,3.6,5.0,101,108
JaMychal Green,TOT,24,164,19.7,1.3,8.6,14.9,.574,0.0,1.9,.000,2.5,3.2,.800,6.0,8.3,1.6,1.6,4.4,7.9,105,101
JaMychal Green,SAS,4,25,16.4,0.0,8.2,14.3,.571,0.0,4.1,.000,0.0,0.0,,6.1,6.1,0.0,4.1,4.1,12.3,98,102
JaMychal Green,MEM,20,139,20.3,1.5,8.6,15.0,.575,0.0,1.5,.000,3.0,3.8,.800,6.0,8.6,1.9,1.1,4.5,7.1,106,101
Jeff Green,TOT,78,2454,24.4,2.8,8.7,20.2,.430,2.0,6.1,.332,5.0,6.0,.833,1.3,5.5,1.1,0.7,2.3,3.1,106,106
Jeff Green,BOS,33,1093,26.6,2.4,9.4,21.8,.434,2.2,7.1,.305,5.5,6.6,.840,1.0,5.5,1.2,0.6,2.6,3.0,104,107
Jeff Green,MEM,45,1361,22.6,3.1,8.1,18.9,.427,1.9,5.3,.362,4.5,5.5,.825,1.6,5.5,1.0,0.8,2.0,3.1,108,105
Willie Green,ORL,52,951,16.5,3.7,6.3,16.5,.386,2.3,6.5,.347,1.5,1.8,.824,0.8,3.5,1.4,0.3,2.6,4.4,93,111
Blake Griffin,LAC,67,2356,31.6,7.6,12.3,24.6,.502,0.2,0.5,.400,6.7,9.2,.728,2.7,8.2,1.4,0.8,3.3,4.2,113,106
Jorge Gutiérrez,TOT,20,175,15.5,6.4,6.4,12.0,.537,0.0,0.9,.000,2.6,3.8,.692,1.5,5.9,1.8,0.0,3.5,7.3,105,105
Jorge Gutiérrez,BRK,10,44,18.8,8.2,8.2,16.5,.500,0.0,1.2,.000,2.4,3.5,.667,0.0,8.2,1.2,0.0,3.5,10.6,101,108
Jorge Gutiérrez,MIL,10,131,14.4,5.8,5.8,10.5,.556,0.0,0.8,.000,2.7,3.9,.700,1.9,5.1,1.9,0.0,3.5,6.2,107,105
P.J. Hairston,CHO,45,687,19.1,1.6,6.5,20.2,.323,3.7,12.3,.301,2.3,2.7,.861,1.7,5.3,1.6,1.0,1.7,4.6,91,104
Jordan Hamilton,LAC,14,122,15.8,2.9,5.8,14.5,.400,4.2,8.7,.476,0.0,0.0,,0.8,5.8,0.8,0.0,1.7,5.8,105,109
Justin Hamilton,TOT,41,712,15.9,2.6,6.2,12.9,.478,0.7,2.2,.323,2.8,3.4,.830,4.1,5.6,2.0,2.2,1.9,5.1,114,109
Justin Hamilton,MIA,24,289,12.1,2.2,4.9,11.9,.415,1.1,3.5,.316,1.1,1.3,.857,4.4,4.4,1.5,0.9,1.5,6.0,107,109
Justin Hamilton,MIN,17,423,18.4,2.9,7.0,13.6,.513,0.5,1.4,.333,4.0,4.8,.825,4.0,6.4,2.3,3.0,2.2,4.4,117,109
Tyler Hansbrough,TOR,74,1058,13.2,1.0,4.2,8.1,.521,0.0,0.3,.143,4.7,6.8,.698,5.2,7.8,1.5,0.7,1.0,6.9,132,107
Tim Hardaway,NYK,70,1681,25.2,4.0,8.7,22.5,.389,3.8,11.1,.342,3.9,4.9,.801,0.4,4.5,0.6,0.4,2.6,3.7,101,114
James Harden,HOU,81,2981,37.0,9.4,10.8,24.5,.440,3.5,9.3,.375,11.9,13.7,.868,1.3,6.4,2.6,1.0,5.4,3.5,118,103
Maurice Harkless,ORL,45,674,12.0,1.9,4.8,12.0,.399,0.8,4.2,.179,1.7,3.1,.537,2.9,5.2,2.4,0.7,2.0,5.0,92,107
Devin Harris,DAL,76,1685,19.9,7.1,6.6,15.7,.418,2.8,8.0,.357,4.0,4.8,.815,0.4,3.7,2.3,0.4,2.5,4.4,113,108
Gary Harris,DEN,55,719,13.1,2.0,4.6,15.1,.304,1.5,7.2,.204,2.4,3.3,.745,1.5,3.0,2.7,0.5,2.6,4.9,81,109
Joe Harris,CLE,51,493,14.3,2.7,5.1,12.7,.400,3.3,8.9,.369,0.9,1.6,.600,0.7,3.6,0.7,0.2,2.8,6.5,97,111
Tobias Harris,ORL,68,2369,25.1,2.7,9.5,20.5,.466,1.9,5.2,.364,4.2,5.3,.788,1.6,7.7,1.5,0.8,2.5,2.9,107,108
Udonis Haslem,MIA,62,995,13.8,2.4,5.7,12.7,.448,0.1,0.5,.200,2.4,3.4,.703,3.8,9.9,1.1,0.7,2.2,6.0,102,106
Spencer Hawes,LAC,73,1274,16.9,3.5,6.5,16.5,.393,2.2,7.0,.313,1.8,2.7,.647,1.2,9.1,1.0,2.1,2.4,6.9,95,104
Chuck Hayes,TOR,29,255,10.1,4.1,4.5,9.3,.478,0.0,0.0,,1.2,2.2,.545,3.6,6.7,2.0,0.8,1.6,7.5,111,107
Gordon Hayward,UTA,76,2618,29.7,6.3,9.8,22.0,.445,2.4,6.7,.364,7.6,9.4,.812,1.1,6.5,2.2,0.6,4.2,2.7,111,105
Brendan Haywood,CLE,22,119,15.3,0.9,6.1,13.1,.467,0.0,0.0,,3.1,5.7,.538,2.6,10.0,0.9,4.4,4.4,7.4,85,102
Gerald Henderson,CHO,80,2315,21.6,4.6,8.3,18.9,.437,1.0,3.0,.331,4.1,4.8,.848,0.8,5.3,1.1,0.5,2.5,3.0,102,106
Xavier Henry,LAL,9,86,11.9,1.8,1.8,7.7,.231,0.0,0.0,,8.3,14.3,.583,1.2,1.2,1.8,0.0,1.8,3.6,90,114
John Henson,MIL,67,1228,19.5,2.5,8.1,14.4,.566,0.0,0.0,,3.2,5.7,.569,5.2,7.8,1.2,5.6,3.6,6.3,106,98
Roy Hibbert,IND,76,1926,21.5,2.2,8.5,19.0,.446,0.0,0.1,.000,4.5,5.5,.824,4.2,10.3,0.5,3.3,2.9,5.8,101,101
J.J. Hickson,DEN,73,1411,19.5,2.0,7.7,16.2,.475,0.0,0.1,.000,4.1,7.1,.577,5.3,10.7,1.3,1.2,3.4,4.8,100,106
Nenê Hilário,WAS,67,1693,22.3,3.7,9.3,18.2,.511,0.0,0.2,.200,3.7,6.1,.604,2.5,7.9,2.0,0.7,3.8,5.4,100,102
George Hill,IND,43,1267,28.1,8.9,10.4,21.8,.477,2.8,7.8,.358,4.6,5.8,.790,1.0,6.3,1.8,0.6,2.8,4.5,117,103
Jordan Hill,LAL,70,1874,22.9,2.8,9.7,21.2,.459,0.1,0.3,.273,3.4,4.6,.738,4.7,10.4,0.9,1.4,2.9,4.5,101,109
Solomon Hill,IND,82,2381,15.8,4.0,5.4,13.7,.396,1.5,4.5,.327,3.4,4.2,.824,1.5,5.3,1.4,0.4,2.5,3.8,101,105
Kirk Hinrich,CHI,66,1610,12.1,4.8,4.6,12.2,.373,1.9,5.4,.345,1.1,1.6,.700,0.6,3.2,1.5,0.4,2.3,4.6,95,108
Jrue Holiday,NOP,40,1303,23.9,11.0,9.6,21.5,.446,2.1,5.4,.378,2.6,3.1,.855,1.3,4.2,2.5,0.9,3.7,4.4,109,107
Justin Holiday,GSW,59,657,18.9,3.6,6.8,17.5,.387,2.6,8.1,.321,2.8,3.3,.822,0.9,4.5,3.0,0.9,2.2,4.0,100,101
Ryan Hollins,SAC,46,441,15.6,1.6,6.0,9.4,.646,0.0,0.0,,3.5,6.2,.574,4.1,7.6,0.7,2.2,2.9,7.4,115,109
Rodney Hood,UTA,50,1064,21.6,4.1,7.7,18.7,.414,3.1,8.5,.365,3.0,4.0,.763,0.4,5.4,1.5,0.6,2.2,5.9,108,107
Al Horford,ATL,76,2318,25.5,5.4,11.4,21.3,.538,0.2,0.8,.306,2.4,3.1,.759,2.9,9.1,1.5,2.2,2.2,2.7,114,102
Dwight Howard,HOU,41,1223,26.3,2.0,10.2,17.2,.593,0.0,0.1,.500,5.8,11.0,.528,4.5,13.0,1.1,2.2,4.7,5.6,105,100
Lester Hudson,LAC,5,56,16.3,4.5,5.4,12.7,.429,2.7,5.4,.500,2.7,3.6,.750,0.9,6.3,5.4,0.9,2.7,3.6,108,98
Robbie Hummel,MIN,45,742,13.6,1.9,5.4,11.8,.459,1.1,3.5,.314,1.6,2.0,.828,2.1,7.1,1.1,0.6,1.2,5.9,110,113
Kris Humphries,WAS,64,1345,19.4,2.2,8.0,17.0,.473,0.0,0.3,.000,3.3,4.5,.744,4.5,11.4,1.3,1.0,1.8,5.0,108,101
Serge Ibaka,OKC,64,2116,21.7,1.3,8.9,18.6,.476,1.8,4.9,.376,2.2,2.6,.836,3.2,8.6,0.7,3.7,2.3,4.6,109,104
Andre Iguodala,GSW,77,2069,14.3,5.4,5.5,11.7,.466,1.7,5.0,.349,1.6,2.7,.596,1.0,5.0,2.1,0.6,2.1,2.4,110,103
Ersan İlyasova,MIL,58,1319,25.9,2.2,10.2,21.5,.472,2.9,7.3,.389,2.7,4.1,.645,3.1,7.6,1.4,0.7,1.7,5.8,111,103
Joe Ingles,UTA,79,1673,12.6,5.8,4.7,11.2,.415,2.3,6.4,.356,1.0,1.3,.750,0.7,4.9,2.3,0.3,3.1,3.9,101,106
Kyrie Irving,CLE,75,2730,31.0,7.4,11.0,23.5,.468,3.0,7.2,.415,6.0,7.0,.863,1.0,3.5,2.2,0.4,3.5,2.8,117,108
Jarrett Jack,BRK,80,2241,22.1,8.6,8.3,18.9,.439,0.9,3.4,.267,4.6,5.2,.881,0.4,5.2,1.7,0.3,4.4,3.3,101,109
Reggie Jackson,TOT,77,2268,25.0,10.3,9.7,22.3,.434,1.6,5.4,.299,4.0,4.9,.830,1.3,6.1,1.4,0.2,4.2,3.7,106,108
Reggie Jackson,OKC,50,1398,23.0,7.7,8.9,20.7,.432,1.6,5.7,.278,3.6,4.1,.861,1.0,6.2,1.5,0.2,3.3,3.4,107,107
Reggie Jackson,DET,27,870,28.3,14.7,10.9,25.0,.436,1.7,4.9,.337,4.9,6.1,.796,1.7,5.8,1.2,0.2,5.6,4.3,106,109
Bernard James,DAL,16,158,14.0,1.3,3.8,8.6,.444,0.0,0.0,,6.4,7.3,.870,5.7,6.7,0.6,4.8,1.9,5.4,125,105
LeBron James,CLE,69,2493,36.3,10.7,13.0,26.7,.488,2.5,7.1,.354,7.8,11.0,.710,1.1,7.6,2.3,1.0,5.7,2.8,112,105
Al Jefferson,CHO,65,1992,28.0,2.9,12.6,26.2,.481,0.1,0.1,.400,2.8,4.3,.655,2.6,11.6,1.2,2.2,1.8,3.6,101,100
Cory Jefferson,BRK,50,531,17.8,1.6,7.3,16.3,.449,0.2,1.5,.133,3.0,5.3,.574,4.6,9.6,1.0,2.0,1.9,5.9,101,106
Richard Jefferson,DAL,74,1244,17.5,2.5,5.8,13.1,.444,2.7,6.3,.426,3.2,4.6,.684,1.0,6.4,1.3,0.4,2.1,4.7,109,108
John Jenkins,ATL,24,297,23.2,2.2,8.4,17.0,.495,3.6,8.9,.404,2.8,3.3,.842,0.3,6.4,1.7,0.0,1.4,2.6,118,105
Brandon Jennings,DET,41,1173,27.9,12.0,9.6,23.9,.401,3.4,9.3,.360,5.3,6.3,.839,0.9,3.7,1.9,0.2,4.0,2.8,110,109
Jonas Jerebko,TOT,75,1230,18.6,2.9,7.0,15.7,.446,2.2,5.8,.386,2.3,2.7,.848,3.9,7.8,1.9,0.7,1.8,5.6,114,105
Jonas Jerebko,DET,46,703,17.7,3.0,6.7,14.6,.460,2.1,5.6,.368,2.3,2.6,.861,3.5,7.0,2.0,0.8,1.9,5.7,116,106
Jonas Jerebko,BOS,29,527,19.7,2.9,7.4,17.2,.431,2.5,6.1,.406,2.4,2.9,.833,4.4,8.9,1.8,0.7,1.7,5.5,112,103
Grant Jerrett,TOT,8,51,16.2,3.0,7.1,26.3,.269,1.0,15.2,.067,1.0,1.0,1.000,2.0,7.1,2.0,2.0,3.0,11.1,69,103
Grant Jerrett,OKC,5,25,14.0,2.0,6.0,34.1,.176,2.0,26.1,.077,0.0,0.0,,2.0,6.0,0.0,4.0,4.0,14.0,49,106
Grant Jerrett,UTA,3,26,18.4,4.1,8.2,18.4,.444,0.0,4.1,.000,2.0,2.0,1.000,2.0,8.2,4.1,0.0,2.0,8.2,102,100
Amir Johnson,TOR,75,1979,18.1,3.1,7.8,13.6,.574,0.5,1.2,.413,2.1,3.4,.612,4.2,7.8,1.1,1.5,2.9,5.9,115,107
Chris Johnson,TOT,29,526,16.3,1.5,6.1,15.1,.403,2.7,9.3,.295,1.4,1.6,.875,0.8,4.6,2.5,0.7,1.5,4.3,102,105
Chris Johnson,PHI,9,187,14.5,0.8,5.1,16.1,.317,2.7,10.5,.256,1.6,2.1,.750,0.8,6.2,2.4,1.3,2.4,5.1,81,104
Chris Johnson,UTA,12,211,20.4,1.8,7.8,16.1,.484,3.3,9.6,.342,1.5,1.5,1.000,0.8,3.8,3.0,0.0,1.5,4.5,119,106
Chris Johnson,MIL,8,128,12.4,2.0,4.8,12.0,.400,2.0,7.2,.278,0.8,0.8,1.000,0.8,3.6,2.0,0.8,0.0,2.8,113,105
James Johnson,TOR,70,1370,20.9,3.6,9.0,15.2,.589,0.4,1.9,.216,2.5,3.8,.657,2.3,7.4,2.0,2.6,3.0,5.9,114,104
Joe Johnson,BRK,80,2791,21.4,5.4,8.3,19.0,.435,2.2,6.3,.359,2.6,3.3,.801,1.0,6.1,1.1,0.3,2.5,2.2,105,110
Nick Johnson,HOU,28,262,14.0,2.1,4.9,14.2,.347,0.9,4.0,.238,3.2,4.7,.680,2.5,4.9,1.3,0.6,3.6,6.5,84,106
Tyler Johnson,MIA,32,603,16.6,3.7,6.1,14.6,.419,1.6,4.2,.375,2.8,4.1,.681,1.2,5.9,2.9,0.8,2.6,3.7,99,105
Wesley Johnson,LAL,76,2245,17.1,2.8,6.5,15.7,.414,2.1,5.9,.351,2.0,2.5,.804,1.5,5.7,1.3,1.0,2.0,3.7,102,112
Dahntay Jones,LAC,33,123,8.7,0.8,2.5,8.7,.286,0.0,1.6,.000,3.7,4.5,.818,0.4,4.1,1.2,0.0,0.4,9.5,91,109
James Jones,CLE,57,669,19.4,1.9,5.7,15.6,.368,4.9,13.6,.360,3.0,3.6,.848,0.7,4.1,1.0,0.6,1.0,5.2,117,110
Perry Jones,OKC,43,631,14.6,1.4,5.8,14.6,.397,1.1,4.8,.233,1.9,2.9,.649,0.5,5.6,1.4,0.6,1.9,4.0,92,108
Terrence Jones,HOU,33,889,21.6,2.0,8.8,16.7,.528,0.7,2.1,.351,3.2,5.3,.606,4.4,7.9,1.0,3.3,2.1,4.4,114,102
DeAndre Jordan,LAC,82,2820,17.0,1.1,6.8,9.6,.710,0.0,0.1,.250,3.4,8.5,.397,7.1,14.9,1.5,3.3,2.0,4.4,126,98
Jerome Jordan,BRK,44,383,18.7,1.8,6.8,12.7,.532,0.0,0.0,,5.1,5.9,.864,7.0,7.2,1.1,2.0,3.0,7.8,119,107
Cory Joseph,SAS,79,1444,19.0,6.7,7.3,14.6,.504,0.6,1.6,.364,3.7,5.1,.734,1.6,5.2,1.6,0.6,2.4,3.7,115,104
Chris Kaman,POR,74,1398,23.3,2.4,10.3,20.0,.515,0.0,0.0,,2.6,3.7,.706,5.4,12.2,0.7,2.0,3.9,5.1,103,101
Enes Kanter,TOT,75,2135,28.3,1.3,11.7,22.6,.519,0.4,1.1,.356,4.5,5.7,.782,6.7,9.6,0.9,0.7,3.5,4.6,111,106
Enes Kanter,UTA,49,1326,27.2,1.0,11.5,23.3,.491,0.5,1.6,.317,3.7,4.7,.788,5.9,9.5,0.9,0.6,3.7,4.6,104,106
Enes Kanter,OKC,26,809,30.1,1.8,12.1,21.4,.566,0.2,0.2,.750,5.6,7.2,.776,8.1,9.7,0.8,0.8,3.2,4.6,122,106
Sergey Karasev,BRK,33,555,14.3,4.3,5.0,12.5,.403,1.5,5.0,.296,2.7,3.5,.763,2.1,4.1,2.1,0.1,2.2,4.2,104,109
Ryan Kelly,LAL,52,1233,13.8,3.8,4.3,12.8,.337,1.9,5.5,.336,3.3,3.9,.832,0.5,5.5,1.2,1.0,1.5,4.9,101,112
Michael Kidd-Gilchrist,CHO,55,1587,19.5,2.5,7.3,15.7,.465,0.0,0.0,,4.9,7.0,.701,3.5,10.0,1.0,1.2,2.0,3.7,106,103
Sean Kilpatrick,MIN,4,72,15.5,2.8,4.9,14.1,.350,2.8,9.2,.308,2.8,2.8,1.000,0.7,3.5,2.1,0.0,1.4,2.1,105,114
Andrei Kirilenko,BRK,7,36,4.3,1.4,0.0,7.2,.000,0.0,0.0,,4.3,5.8,.750,2.9,8.6,1.4,0.0,1.4,1.4,65,108
Alex Kirk,CLE,5,14,14.9,3.7,3.7,14.9,.250,0.0,0.0,,7.4,7.4,1.000,3.7,0.0,0.0,0.0,0.0,3.7,112,115
Brandon Knight,TOT,63,2035,26.7,8.2,9.4,22.2,.422,3.1,8.0,.389,4.9,5.6,.874,0.7,5.4,2.2,0.2,4.7,2.8,103,104
Brandon Knight,MIL,52,1688,27.9,8.5,9.8,22.5,.435,3.1,7.7,.409,5.2,5.9,.881,0.8,5.9,2.5,0.3,5.0,2.8,105,103
Brandon Knight,PHO,11,347,21.1,7.0,7.3,20.5,.357,3.0,9.6,.313,3.4,4.2,.828,0.3,3.0,0.9,0.1,3.3,3.0,97,112
Kyle Korver,ATL,75,2418,19.3,4.1,6.2,12.7,.487,4.7,9.5,.492,2.2,2.5,.898,0.3,6.1,1.1,0.9,2.3,3.0,122,106
Kosta Koufos,MEM,81,1348,16.2,1.4,7.0,13.9,.508,0.0,0.0,,2.1,3.3,.647,4.7,11.8,1.1,2.4,2.7,5.7,103,99
Ognjen Kuzmić,GSW,16,72,13.6,4.1,5.4,8.1,.667,0.0,0.0,,2.7,2.7,1.000,4.7,6.8,1.4,0.7,3.4,8.8,125,103
Jeremy Lamb,OKC,47,633,23.4,3.5,8.2,19.8,.416,3.0,8.8,.342,3.9,4.4,.891,0.6,7.8,1.7,0.5,2.1,4.1,110,106
Carl Landry,SAC,70,1192,21.2,1.1,8.0,15.6,.515,0.0,0.0,,5.2,6.3,.820,4.2,7.1,0.6,0.7,2.3,5.6,115,111
Shane Larkin,NYK,76,1865,13.3,6.4,5.3,12.2,.433,1.0,3.3,.302,1.7,2.2,.782,0.8,4.1,2.6,0.3,2.3,4.2,102,110
Joffrey Lauvergne,DEN,24,268,17.3,2.4,6.7,16.6,.404,0.6,3.0,.188,3.4,5.2,.643,5.0,9.3,1.5,1.9,4.1,8.0,91,106
Zach LaVine,MIN,77,1902,20.8,7.4,7.6,18.1,.422,1.5,4.5,.341,4.0,4.7,.842,0.7,5.0,1.4,0.3,5.2,4.2,95,114
Ty Lawson,DEN,75,2665,21.4,13.5,7.6,17.4,.436,1.3,3.8,.341,5.0,6.8,.730,0.8,3.6,1.7,0.2,3.5,2.4,113,111
Ricky Ledo,TOT,17,244,19.4,4.1,6.9,20.7,.333,2.2,5.8,.370,3.4,4.7,.727,3.4,4.3,1.3,0.2,5.6,4.5,81,113
Ricky Ledo,DAL,5,11,4.6,4.6,0.0,27.5,.000,0.0,13.8,.000,4.6,9.2,.500,4.6,4.6,0.0,0.0,9.2,4.6,28,113
Ricky Ledo,NYK,12,233,20.1,4.1,7.2,20.3,.356,2.3,5.4,.417,3.4,4.5,.750,3.4,4.3,1.4,0.2,5.4,4.5,85,113
Courtney Lee,MEM,77,2354,17.2,3.3,6.4,14.3,.448,2.0,5.0,.402,2.5,2.9,.860,0.5,3.5,1.7,0.3,1.7,2.9,109,106
David Lee,GSW,49,904,21.0,4.6,8.6,16.9,.511,0.0,0.1,.000,3.7,5.6,.654,4.4,9.5,1.7,1.4,2.6,4.5,112,100
Malcolm Lee,PHI,1,2,0.0,0.0,0.0,25.1,.000,0.0,0.0,,0.0,0.0,,0.0,0.0,0.0,0.0,0.0,0.0,0,115
Alex Len,PHO,69,1518,14.2,1.1,5.9,11.6,.507,0.0,0.1,.333,2.4,3.4,.702,4.7,10.2,1.1,3.4,2.4,7.0,107,103
Kawhi Leonard,SAS,64,2033,26.6,4.1,9.9,20.7,.479,1.7,4.8,.349,5.1,6.3,.802,2.1,9.5,3.7,1.2,2.4,3.2,113,96
Meyers Leonard,POR,55,847,19.7,1.9,7.5,14.7,.510,2.8,6.7,.420,1.8,1.9,.938,2.8,12.3,0.6,0.8,2.3,6.8,117,102
Jon Leuer,MEM,63,824,18.1,2.9,7.7,17.3,.443,0.4,1.8,.241,2.3,3.7,.627,3.2,9.9,1.1,0.6,2.2,5.4,99,102
Damian Lillard,POR,82,2925,30.0,8.8,10.3,23.7,.434,3.4,10.0,.343,6.0,6.9,.864,0.9,5.7,1.7,0.4,3.9,2.9,112,105
Jeremy Lin,LAL,74,1907,22.3,9.1,7.4,17.5,.424,1.7,4.7,.369,5.7,7.2,.795,0.7,4.6,2.2,0.9,4.4,5.1,104,110
Shaun Livingston,GSW,78,1468,15.3,8.6,6.6,13.2,.500,0.0,0.1,.000,2.2,3.0,.714,1.4,4.7,1.6,0.7,3.4,3.7,107,104
Brook Lopez,BRK,72,2100,30.5,1.2,12.5,24.3,.513,0.0,0.2,.100,5.5,6.8,.814,5.3,7.9,1.1,3.1,2.6,5.1,112,105
Robin Lopez,POR,59,1638,17.6,1.7,7.3,13.6,.535,0.0,0.0,.000,3.0,4.0,.772,5.9,6.3,0.5,2.6,2.3,3.8,117,104
Kevin Love,CLE,75,2532,25.2,3.4,8.5,19.5,.434,3.0,8.0,.367,5.3,6.6,.804,2.9,12.1,1.0,0.8,2.5,2.9,115,105
Kyle Lowry,TOR,70,2414,26.6,10.1,9.2,22.3,.412,2.8,8.4,.338,5.4,6.7,.808,1.2,5.9,2.3,0.3,3.7,4.5,110,107
Kalin Lucas,MEM,1,6,0.0,0.0,0.0,8.7,.000,0.0,0.0,,0.0,0.0,,0.0,0.0,8.7,0.0,0.0,8.7,0,93
John Lucas III,DET,21,272,18.6,11.4,8.0,19.8,.404,1.7,5.5,.310,1.0,1.0,1.000,0.8,2.3,1.5,0.0,3.0,3.4,103,111
Shelvin Mack,ATL,55,833,18.3,9.5,7.2,17.9,.401,2.5,7.8,.315,1.5,1.9,.806,0.5,4.4,1.8,0.1,3.0,2.0,102,106
Ian Mahinmi,IND,61,1146,11.9,1.5,5.3,9.5,.552,0.0,0.0,,1.4,4.6,.304,4.7,11.3,1.3,2.1,2.7,7.7,98,100
Devyn Marble,ORL,16,208,9.1,4.2,3.4,10.8,.318,1.0,5.4,.182,1.2,3.9,.313,1.2,6.4,2.2,0.5,2.2,3.4,79,107
Shawn Marion,CLE,57,1101,13.0,2.4,5.6,12.6,.446,0.6,2.2,.261,1.2,1.6,.765,3.0,6.5,1.3,1.3,1.6,2.7,106,107
Kendall Marshall,MIL,28,417,14.4,10.5,5.6,12.4,.455,2.2,5.6,.391,1.0,1.1,.889,0.2,3.2,2.6,0.0,4.3,3.2,104,105
Cartier Martin,DET,23,198,9.4,2.9,3.9,13.8,.283,1.6,8.6,.182,0.0,0.0,,0.0,5.2,0.8,0.3,1.3,5.2,76,110
Kenyon Martin,MIL,11,104,9.8,2.5,4.4,10.8,.409,0.0,0.0,,1.0,1.0,1.000,2.9,6.4,2.5,2.9,1.5,6.4,97,99
Kevin Martin,MIN,39,1302,30.4,3.5,10.4,24.4,.427,2.9,7.5,.393,6.6,7.5,.881,0.7,4.8,1.3,0.0,3.0,3.0,107,115
Wesley Matthews,POR,60,2024,24.1,3.5,8.5,18.9,.448,4.4,11.2,.389,2.7,3.7,.752,1.0,4.6,1.9,0.3,2.0,3.3,114,105
Jason Maxiell,CHO,61,878,11.9,1.1,4.8,11.3,.422,0.0,0.0,,2.4,4.2,.577,5.1,6.9,1.1,2.6,1.7,5.6,99,103
O.J. Mayo,MIL,71,1697,24.2,5.9,8.9,21.1,.422,3.0,8.3,.357,3.5,4.2,.827,0.9,4.7,1.7,0.5,3.8,5.0,101,105
Luc Mbah a Moute,PHI,67,1916,17.3,2.8,6.6,16.6,.395,1.6,5.3,.307,2.5,4.3,.589,2.1,6.4,2.1,0.5,2.6,2.7,93,106
James Michael McAdoo,GSW,15,137,22.1,0.7,8.6,15.7,.545,0.0,0.0,,5.0,8.9,.560,5.3,7.8,1.8,3.2,2.1,7.5,113,99
Ray McCallum,SAC,68,1436,17.6,6.6,7.2,16.5,.438,1.2,3.9,.306,2.0,2.9,.679,1.8,4.5,1.6,0.4,3.0,3.2,102,111
CJ McCollum,POR,62,973,22.2,3.4,8.3,19.1,.436,2.9,7.3,.396,2.7,3.8,.699,0.7,4.0,2.3,0.4,2.5,4.2,103,105
K.J. McDaniels,TOT,62,1352,18.1,2.7,6.4,16.1,.396,1.6,5.6,.287,3.7,4.9,.752,2.4,5.0,1.6,2.6,3.9,4.7,92,105
K.J. McDaniels,PHI,52,1319,18.1,2.7,6.3,15.9,.399,1.6,5.6,.293,3.8,5.0,.756,2.4,5.0,1.7,2.6,4.0,4.6,92,105
K.J. McDaniels,HOU,10,33,16.6,3.0,7.5,22.6,.333,0.0,4.5,.000,1.5,3.0,.500,1.5,6.0,0.0,3.0,1.5,7.5,79,106
Doug McDermott,CHI,36,321,17.6,1.0,6.9,17.2,.402,2.1,6.6,.317,1.6,2.4,.667,1.0,6.0,0.6,0.2,2.7,4.7,89,108
Mitch McGary,OKC,32,485,20.8,1.4,9.1,17.1,.533,0.0,0.2,.000,2.6,4.1,.625,5.5,11.6,1.7,1.7,3.2,7.4,107,102
JaVale McGee,TOT,23,256,20.7,0.6,8.2,15.4,.532,0.0,0.0,,4.3,6.4,.667,3.5,8.4,0.4,3.9,3.5,5.9,101,106
JaVale McGee,DEN,17,195,22.5,0.3,8.7,15.6,.557,0.0,0.0,,5.1,7.4,.690,3.6,8.7,0.5,4.9,3.3,7.2,107,105
JaVale McGee,PHI,6,61,14.8,1.6,6.6,14.8,.444,0.0,0.0,,1.6,3.3,.500,3.3,7.4,0.0,0.8,4.1,1.6,82,109
Ben McLemore,SAC,82,2670,18.8,2.6,6.8,15.7,.437,2.6,7.4,.358,2.5,3.0,.813,0.6,4.0,1.5,0.4,2.6,4.1,104,112
Jerel McNeal,PHO,6,36,12.5,2.8,4.2,15.2,.273,1.4,2.8,.500,2.8,2.8,1.000,0.0,4.2,4.2,1.4,6.9,6.9,61,102
Josh McRoberts,MIA,17,296,12.8,5.9,5.0,9.5,.528,1.4,3.4,.421,1.4,2.3,.615,1.2,6.8,2.1,0.5,3.9,7.3,103,106
Jodie Meeks,DET,60,1462,23.5,2.8,7.9,18.9,.416,2.6,7.5,.349,5.1,5.7,.906,0.4,3.3,2.1,0.2,2.0,2.7,110,109
Gal Mekel,NOP,4,43,7.3,15.9,3.7,24.4,.150,0.0,3.7,.000,0.0,0.0,,0.0,1.2,2.4,0.0,2.4,1.2,61,111
Khris Middleton,MIL,79,2378,22.6,3.9,8.7,18.6,.467,2.3,5.7,.407,2.9,3.3,.859,1.0,6.4,2.6,0.2,2.4,3.9,109,102
C.J. Miles,IND,70,1841,26.4,2.1,9.2,23.1,.398,4.3,12.5,.345,3.6,4.5,.807,0.5,5.5,1.7,0.7,2.0,3.7,103,104
Andre Miller,TOT,81,1253,14.4,11.5,5.9,11.8,.500,0.3,1.4,.206,2.4,3.1,.753,1.5,4.7,1.3,0.2,4.2,4.2,107,109
Andre Miller,WAS,51,631,14.9,11.6,6.3,11.5,.542,0.1,0.6,.125,2.3,3.2,.718,1.7,4.5,1.1,0.2,3.7,4.5,113,107
Andre Miller,SAC,30,622,13.9,11.4,5.5,12.0,.459,0.5,2.1,.231,2.4,3.1,.789,1.3,4.9,1.5,0.3,4.7,3.8,102,111
Darius Miller,NOP,5,43,2.4,2.4,1.2,8.6,.143,0.0,1.2,.000,0.0,0.0,,0.0,1.2,1.2,0.0,1.2,9.8,42,113
Mike Miller,CLE,52,701,8.1,3.4,2.7,8.5,.325,2.4,7.3,.327,0.2,0.3,.750,0.3,6.5,1.0,0.3,1.7,5.5,96,109
Quincy Miller,TOT,10,119,12.4,3.4,3.9,16.3,.237,1.3,7.7,.167,3.4,4.7,.727,1.7,6.9,3.0,2.1,2.1,3.9,79,103
Quincy Miller,SAC,6,61,14.0,2.5,3.3,14.9,.222,0.8,5.8,.143,6.6,9.1,.727,1.7,8.3,5.0,2.5,2.5,3.3,82,99
Quincy Miller,DET,4,58,10.7,4.5,4.5,17.8,.250,1.8,9.8,.182,0.0,0.0,,1.8,5.4,0.9,1.8,1.8,4.5,75,108
Patty Mills,SAS,51,801,22.4,5.6,8.2,21.5,.381,4.0,11.6,.341,2.1,2.6,.825,1.3,3.5,1.8,0.1,2.2,3.7,103,105
Elijah Millsap,UTA,47,924,14.3,3.3,4.7,13.7,.340,1.6,5.2,.311,3.3,4.9,.674,1.6,7.0,3.2,0.9,3.9,7.1,87,102
Paul Millsap,ATL,73,2390,26.0,4.8,9.5,19.9,.476,1.6,4.6,.356,5.5,7.2,.757,3.0,9.2,2.8,1.5,3.5,4.3,109,99
Nikola Mirotić,CHI,82,1654,26.1,3.0,7.9,19.5,.405,3.1,9.8,.316,7.1,8.9,.803,2.0,10.7,1.7,1.7,2.8,5.4,111,101
Nazr Mohammed,CHI,23,128,10.9,1.2,5.3,12.1,.433,0.0,0.0,,0.4,1.2,.333,4.4,10.9,1.6,2.0,2.8,6.5,87,101
Greg Monroe,DET,69,2137,26.6,3.4,10.2,20.6,.496,0.0,0.0,,6.1,8.1,.750,5.5,11.5,1.9,0.8,3.6,3.6,110,103
E'Twaun Moore,CHI,56,504,15.3,3.4,6.4,14.3,.446,1.3,3.9,.342,1.2,2.1,.600,1.2,3.5,2.1,0.6,1.4,4.6,105,106
Eric Moreland,SAC,3,2,50.3,0.0,25.2,25.2,1.000,0.0,0.0,,0.0,0.0,,0.0,25.2,0.0,0.0,0.0,25.2,200,101
Darius Morris,BRK,38,299,14.4,8.3,6.2,18.4,.340,1.2,5.7,.212,0.7,1.6,.444,1.2,3.5,1.6,0.0,3.6,3.5,83,111
Marcus Morris,PHO,81,2045,20.6,3.2,8.1,18.6,.434,2.7,7.6,.358,1.7,2.8,.628,1.8,7.6,1.5,0.4,1.8,4.6,107,107
Markieff Morris,PHO,82,2581,24.3,3.7,9.9,21.2,.465,1.1,3.5,.318,3.4,4.5,.763,2.1,7.6,2.0,0.8,3.3,4.7,102,105
Anthony Morrow,OKC,74,1806,21.9,1.7,7.9,17.1,.463,3.9,9.0,.434,2.2,2.5,.888,1.1,4.3,1.5,0.3,1.1,3.7,124,108
Donatas Motiejūnas,HOU,71,2037,20.9,3.2,8.6,17.1,.504,1.2,3.2,.368,2.4,4.1,.602,3.3,6.9,1.4,0.8,3.0,5.0,107,105
Timofey Mozgov,TOT,81,2045,19.6,1.4,7.8,14.1,.555,0.0,0.1,.333,3.9,5.4,.718,5.1,9.7,0.8,2.4,2.9,5.7,113,105
Timofey Mozgov,DEN,35,897,16.6,0.9,6.5,12.9,.504,0.1,0.3,.333,3.5,4.8,.733,5.1,10.1,0.8,2.3,2.6,6.3,108,106
Timofey Mozgov,CLE,46,1148,22.0,1.8,8.9,15.1,.590,0.0,0.0,,4.2,5.9,.708,5.1,9.4,0.8,2.5,3.1,5.1,117,105
Shabazz Muhammad,MIN,38,866,30.1,2.6,11.4,23.3,.489,1.2,3.0,.392,6.1,8.5,.717,3.7,5.3,1.1,0.4,2.1,2.9,113,115
Toure' Murry,TOT,5,18,17.1,2.9,5.7,14.3,.400,0.0,0.0,,5.7,5.7,1.000,2.9,0.0,2.9,0.0,11.4,5.7,68,106
Toure' Murry,UTA,1,1,0.0,0.0,0.0,53.1,.000,0.0,0.0,,0.0,0.0,,0.0,0.0,0.0,0.0,0.0,0.0,0,115
Toure' Murry,WAS,4,17,18.1,3.0,6.0,12.1,.500,0.0,0.0,,6.0,6.0,1.000,3.0,0.0,3.0,0.0,12.1,6.0,74,105
Mike Muscala,ATL,40,502,20.1,2.5,8.4,15.4,.550,0.9,2.2,.409,2.2,2.5,.880,5.3,6.8,1.6,1.9,2.1,5.3,120,103
Shabazz Napier,MIA,51,1012,13.6,6.8,4.5,11.9,.382,2.2,6.2,.364,2.3,2.9,.786,0.9,5.0,2.1,0.2,4.2,4.0,95,108
Gary Neal,TOT,54,1193,23.4,4.3,8.1,21.7,.374,2.2,7.1,.305,5.0,5.8,.867,0.6,5.0,1.0,0.0,2.8,3.8,96,109
Gary Neal,CHO,43,931,22.9,4.4,7.9,22.1,.359,2.2,7.4,.293,4.9,5.7,.863,0.8,4.4,0.9,0.1,3.1,3.9,93,108
Gary Neal,MIN,11,262,25.2,3.9,8.7,20.4,.429,2.1,6.0,.355,5.6,6.4,.879,0.0,6.8,1.4,0.0,1.9,3.5,110,114
Jameer Nelson,TOT,63,1407,18.6,9.0,7.3,18.0,.407,3.2,9.2,.345,0.9,1.3,.667,1.2,4.0,1.7,0.2,3.9,4.8,101,110
Jameer Nelson,DAL,23,584,14.4,8.2,5.3,14.1,.374,3.3,8.9,.369,0.6,0.7,.875,1.2,4.2,1.3,0.2,3.4,4.6,102,110
Jameer Nelson,BOS,6,121,12.0,13.7,3.7,17.0,.220,2.1,10.3,.200,2.5,3.7,.667,1.2,5.8,2.9,0.0,3.7,5.4,85,104
Jameer Nelson,DEN,34,702,23.3,8.9,9.6,21.3,.450,3.3,9.2,.354,0.8,1.4,.579,1.1,3.6,1.8,0.3,4.3,5.0,103,111
Andrew Nicholson,ORL,40,492,20.2,2.3,8.6,19.8,.437,1.4,4.3,.317,1.6,2.6,.600,1.8,6.8,0.6,1.2,2.5,5.3,94,109
Joakim Noah,CHI,67,2049,12.2,7.9,4.8,10.8,.445,0.0,0.1,.000,2.7,4.4,.603,5.5,10.8,1.2,1.9,3.1,5.1,109,102
Nerlens Noel,PHI,75,2311,16.1,2.8,6.6,14.2,.462,0.0,0.0,,3.0,5.0,.609,4.0,9.2,2.9,3.1,3.2,4.5,96,99
Lucas Nogueira,TOR,6,23,13.5,2.2,4.5,18.0,.250,0.0,0.0,,4.5,9.0,.500,4.5,20.2,4.5,0.0,4.5,13.5,69,93
Steve Novak,TOT,35,197,16.5,2.9,5.8,14.7,.393,5.0,12.6,.396,0.0,0.5,.000,0.5,5.3,0.0,0.5,1.3,6.0,111,111
Steve Novak,UTA,22,109,23.4,2.9,7.8,17.1,.457,7.8,16.1,.485,0.0,1.0,.000,0.5,7.3,0.0,0.5,1.5,6.3,128,109
Steve Novak,OKC,13,88,8.5,2.8,3.4,12.0,.286,1.7,8.5,.200,0.0,0.0,,0.6,2.8,0.0,0.6,1.1,5.7,84,112
Dirk Nowitzki,DAL,77,2282,29.5,3.2,10.8,23.5,.459,2.3,6.1,.380,5.6,6.4,.882,1.0,9.1,0.9,0.7,1.8,3.5,113,107
Jusuf Nurkić,DEN,62,1103,19.3,2.3,7.7,17.3,.446,0.0,0.1,.000,3.8,6.0,.636,5.7,11.6,2.4,3.1,3.9,9.4,96,101
Johnny O'Bryant,MIL,34,368,13.9,2.4,6.1,16.6,.367,0.0,0.0,,1.7,3.7,.444,3.6,5.3,0.7,0.6,3.5,6.1,78,107
Kyle O'Quinn,ORL,51,824,18.2,3.7,7.4,15.0,.492,0.7,2.7,.279,2.7,3.5,.772,2.9,9.5,1.9,2.4,3.4,6.8,103,104
Victor Oladipo,ORL,72,2573,25.7,5.9,9.4,21.6,.436,1.7,4.9,.339,5.2,6.4,.819,1.0,5.0,2.4,0.4,4.1,3.7,101,108
Kelly Olynyk,BOS,64,1423,23.1,3.8,8.8,18.6,.475,2.1,6.2,.349,3.3,4.8,.684,3.2,7.4,2.3,1.4,3.4,7.5,105,102
Arinze Onuaku,MIN,6,68,20.2,3.0,9.0,10.5,.857,0.0,0.0,,2.2,6.0,.375,5.2,10.5,0.7,2.2,1.5,4.5,143,110
Zaza Pachulia,MIL,73,1730,17.9,5.2,7.1,15.6,.454,0.0,0.1,.000,3.7,4.7,.788,5.8,8.9,2.4,0.6,3.9,5.0,103,100
Kostas Papanikolaou,HOU,43,795,11.4,5.3,4.3,12.3,.350,1.9,6.6,.292,0.8,1.1,.722,2.4,4.9,1.8,0.8,3.4,4.4,92,105
Jannero Pargo,CHO,9,73,29.0,5.7,10.6,24.8,.429,6.4,15.6,.409,1.4,1.4,1.000,0.0,2.1,0.0,0.0,2.1,5.7,111,111
Jabari Parker,MIL,25,738,21.3,2.9,8.9,18.2,.490,0.3,1.1,.250,3.2,4.6,.697,3.5,6.1,2.1,0.3,3.2,2.9,101,103
Tony Parker,SAS,68,1953,25.6,8.8,10.6,21.8,.486,1.0,2.3,.427,3.4,4.4,.783,0.4,3.0,1.2,0.1,3.8,2.8,105,107
Chandler Parsons,DAL,66,2186,23.9,3.7,8.8,19.1,.462,3.0,8.0,.380,3.2,4.5,.720,1.5,6.0,1.6,0.4,2.2,3.2,112,108
Patrick Patterson,TOR,81,2156,15.5,3.7,5.8,12.8,.449,2.5,6.8,.371,1.5,1.9,.788,3.0,7.3,1.4,1.1,1.3,3.6,122,108
Chris Paul,LAC,82,2857,27.7,14.9,10.1,20.8,.485,2.5,6.2,.398,5.1,5.7,.900,0.9,5.7,2.8,0.3,3.4,3.6,126,105
Adreian Payne,TOT,32,739,14.7,2.1,6.3,15.1,.414,0.1,0.6,.111,2.1,3.2,.652,3.3,7.8,1.3,0.6,3.0,6.1,88,112
Adreian Payne,ATL,3,19,13.4,0.0,5.4,18.8,.286,0.0,2.7,.000,2.7,5.4,.500,2.7,8.1,2.7,0.0,0.0,10.8,76,101
Adreian Payne,MIN,29,720,14.7,2.1,6.3,15.0,.418,0.1,0.6,.125,2.0,3.1,.659,3.3,7.8,1.3,0.6,3.1,5.9,89,112
Elfrid Payton,ORL,82,2489,15.0,11.0,6.2,14.5,.425,0.2,0.9,.262,2.4,4.4,.551,2.2,5.0,2.9,0.4,4.2,4.0,97,107
Nikola Peković,MIN,31,815,24.1,1.7,8.7,20.5,.424,0.0,0.0,,6.7,8.0,.837,5.6,9.0,1.2,0.7,2.6,3.7,105,112
Kendrick Perkins,TOT,68,1148,10.8,2.2,4.5,10.0,.449,0.0,0.0,.000,1.8,3.6,.506,4.0,10.1,0.7,1.8,4.2,7.1,86,105
Kendrick Perkins,OKC,51,981,10.3,2.2,4.2,9.5,.441,0.0,0.1,.000,1.9,3.8,.507,4.1,10.2,0.7,1.9,3.8,6.9,87,104
Kendrick Perkins,CLE,17,167,13.7,2.5,6.2,12.8,.488,0.0,0.0,,1.2,2.5,.500,3.4,9.3,0.6,1.2,6.5,8.4,78,106
Paul Pierce,WAS,73,1914,23.2,3.9,7.8,17.6,.447,3.2,8.1,.389,4.4,5.6,.781,1.2,6.7,1.2,0.6,2.5,4.3,112,104
Mason Plumlee,BRK,82,1743,21.3,2.2,8.3,14.5,.573,0.0,0.1,.000,4.7,9.4,.495,5.2,10.0,1.9,1.9,3.1,6.1,109,103
Miles Plumlee,TOT,73,1194,12.3,1.4,5.7,10.6,.535,0.0,0.0,,0.9,1.9,.478,4.7,8.7,1.7,2.8,2.1,4.7,107,103
Miles Plumlee,PHO,54,1005,11.6,1.3,5.3,9.7,.549,0.0,0.0,,0.9,1.9,.500,4.7,8.9,1.7,2.7,2.2,4.9,108,103
Miles Plumlee,MIL,19,189,16.5,1.9,7.8,15.9,.492,0.0,0.0,,0.8,2.2,.375,4.6,7.8,1.6,3.0,1.6,3.2,103,100
Quincy Pondexter,TOT,75,1793,15.7,2.7,5.5,13.1,.421,2.7,7.1,.373,2.1,2.8,.740,1.6,4.2,0.6,0.7,1.5,4.4,112,110
Quincy Pondexter,MEM,30,540,13.0,2.7,4.6,13.0,.356,1.6,7.1,.233,2.0,2.9,.700,1.9,3.6,0.5,0.5,1.0,4.5,101,108
Quincy Pondexter,NOP,45,1253,16.9,2.8,5.9,13.1,.449,3.1,7.2,.433,2.1,2.8,.758,1.4,4.4,0.6,0.8,1.7,4.3,116,112
Otto Porter,WAS,74,1432,15.9,2.3,6.3,14.0,.450,1.3,3.7,.337,2.1,2.8,.734,2.5,5.4,1.6,1.1,1.9,3.5,105,104
Dwight Powell,TOT,29,236,19.2,1.9,6.6,14.3,.463,0.6,2.4,.273,5.3,7.1,.758,3.8,6.8,1.9,1.3,2.4,8.5,111,105
Dwight Powell,BOS,5,9,50.1,0.0,22.3,27.8,.800,0.0,0.0,,5.6,11.1,.500,0.0,5.6,11.1,0.0,11.1,5.6,94,86
Dwight Powell,DAL,24,227,18.0,2.0,6.0,13.8,.435,0.7,2.4,.273,5.3,6.9,.774,4.0,6.9,1.6,1.3,2.0,8.7,112,106
Phil Pressey,BOS,50,600,14.8,9.8,5.3,14.5,.368,1.3,5.4,.246,2.8,4.1,.673,1.1,5.6,2.5,0.5,3.4,4.5,97,104
A.J. Price,TOT,26,324,21.1,7.3,8.1,21.7,.372,2.4,9.0,.263,2.5,3.8,.667,1.0,4.1,1.1,0.0,2.2,2.4,98,108
A.J. Price,IND,10,193,28.0,7.2,10.4,23.8,.438,4.0,10.4,.385,3.2,4.8,.667,0.5,3.2,1.1,0.0,2.7,2.4,109,108
A.J. Price,CLE,11,87,13.1,7.8,5.4,20.3,.265,0.0,6.6,.000,2.4,3.6,.667,2.4,6.6,1.8,0.0,1.8,0.6,83,108
A.J. Price,PHO,5,44,6.8,6.8,3.4,15.9,.214,0.0,7.9,.000,0.0,0.0,,0.0,3.4,0.0,0.0,1.1,5.7,64,113
Ronnie Price,LAL,43,982,11.5,8.6,4.0,11.6,.345,1.6,5.7,.284,1.9,2.3,.800,1.0,2.6,3.5,0.2,2.7,6.1,99,109
Pablo Prigioni,TOT,67,1197,11.8,7.4,3.9,9.8,.399,2.5,7.2,.343,1.5,1.8,.854,1.3,3.8,3.4,0.0,2.7,3.8,111,107
Pablo Prigioni,NYK,43,795,13.3,6.9,4.5,10.7,.422,2.8,7.6,.374,1.5,1.7,.846,1.2,4.1,3.4,0.1,3.1,3.5,108,109
Pablo Prigioni,HOU,24,402,9.0,8.3,2.8,8.3,.343,1.7,6.3,.275,1.6,1.9,.867,1.5,3.3,3.3,0.0,1.9,4.3,118,104
Tayshaun Prince,TOT,58,1397,16.1,3.4,6.5,14.9,.440,1.1,2.5,.463,1.8,2.4,.754,1.9,5.8,1.1,0.6,1.3,2.0,108,107
Tayshaun Prince,MEM,26,628,15.8,3.1,6.2,15.2,.410,1.2,2.7,.455,2.1,2.5,.833,1.7,5.2,0.7,0.5,1.2,1.8,104,107
Tayshaun Prince,BOS,9,198,19.2,4.6,8.3,14.9,.559,1.3,2.0,.625,1.3,1.5,.833,1.5,6.1,1.3,0.5,1.0,1.8,126,107
Tayshaun Prince,DET,23,571,15.2,3.4,6.2,14.5,.431,1.0,2.4,.423,1.7,2.6,.655,2.3,6.5,1.4,0.7,1.4,2.4,105,108
Miroslav Raduljica,MIN,5,23,17.7,0.0,6.6,17.7,.375,0.0,0.0,,4.4,4.4,1.000,4.4,6.6,2.2,0.0,4.4,17.7,85,111
Julius Randle,LAL,1,14,7.3,0.0,3.6,10.9,.333,0.0,0.0,,0.0,7.3,.000,0.0,0.0,0.0,0.0,3.6,3.6,41,119
Shavlik Randolph,TOT,21,126,9.5,1.6,3.6,13.9,.257,0.0,2.0,.000,2.4,4.8,.500,6.3,8.7,2.0,1.2,1.2,6.3,83,104
Shavlik Randolph,PHO,16,101,8.4,1.5,3.0,12.3,.240,0.0,2.0,.000,2.5,4.9,.500,5.9,6.9,2.0,1.0,1.0,6.4,84,106
Shavlik Randolph,BOS,5,25,14.0,2.0,6.0,20.0,.300,0.0,2.0,.000,2.0,4.0,.500,8.0,16.0,2.0,2.0,2.0,6.0,83,97
Zach Randolph,MEM,71,2304,25.9,3.5,10.3,21.1,.487,0.2,0.5,.350,5.2,6.8,.765,5.1,11.8,1.6,0.3,3.5,4.0,107,101
J.J. Redick,LAC,78,2409,26.9,2.9,9.4,19.7,.477,4.2,9.6,.437,3.9,4.3,.901,0.5,3.1,0.8,0.2,2.0,2.8,118,111
Glen Rice,WAS,5,43,13.1,2.4,3.6,17.9,.200,1.2,8.3,.143,4.8,7.1,.667,2.4,2.4,0.0,0.0,2.4,13.1,72,110
Jason Richardson,PHI,19,416,20.7,4.6,7.5,21.5,.348,3.7,11.6,.323,2.0,2.7,.773,1.6,6.4,1.6,0.4,1.9,3.4,98,107
Luke Ridnour,ORL,47,683,14.1,7.2,5.6,13.2,.426,1.5,4.7,.317,1.3,1.6,.857,0.6,4.5,1.5,0.3,2.8,5.0,101,110
Austin Rivers,TOT,76,1563,17.5,5.1,6.7,16.4,.409,1.3,4.3,.298,2.8,4.2,.675,0.9,4.1,1.6,0.5,2.1,4.8,100,109
Austin Rivers,NOP,35,772,16.3,5.9,5.9,15.1,.387,1.0,3.4,.280,3.6,4.8,.746,0.8,3.8,1.2,0.5,2.0,4.4,103,111
Austin Rivers,LAC,41,791,18.6,4.4,7.5,17.6,.427,1.6,5.2,.309,2.1,3.5,.582,1.0,4.4,1.9,0.4,2.2,5.2,98,107
Andre Roberson,OKC,67,1286,8.9,2.7,3.6,7.8,.458,0.8,3.3,.247,0.9,1.9,.479,2.3,7.6,2.1,1.1,1.8,5.5,104,104
Brian Roberts,CHO,72,1330,18.6,6.3,6.8,17.5,.389,2.4,7.5,.321,2.6,2.9,.892,0.5,3.7,1.3,0.2,2.2,2.9,101,107
Glenn Robinson,TOT,35,261,14.1,2.1,5.0,12.9,.388,1.0,3.7,.263,3.1,4.6,.667,2.9,4.6,1.2,0.2,2.1,2.9,97,112
Glenn Robinson,MIN,25,108,13.7,1.4,3.8,11.3,.333,0.5,2.8,.167,5.6,7.5,.750,1.9,4.7,1.4,0.0,1.4,2.4,101,115
Glenn Robinson,PHI,10,153,14.4,2.6,5.9,14.1,.419,1.3,4.3,.308,1.3,2.6,.500,3.6,4.6,1.0,0.3,2.6,3.3,94,110
Nate Robinson,TOT,42,591,20.2,8.2,7.5,21.6,.345,2.6,9.5,.277,2.6,3.9,.674,1.4,2.8,1.7,0.3,2.5,6.4,97,111
Nate Robinson,DEN,33,465,20.6,8.3,7.6,21.9,.348,2.6,9.9,.261,2.8,4.3,.650,1.5,2.7,1.5,0.3,2.4,7.3,98,112
Nate Robinson,LAC,9,126,18.5,8.0,6.8,20.5,.333,2.8,8.0,.350,2.0,2.4,.833,1.2,3.2,2.4,0.0,3.2,3.2,93,108
Thomas Robinson,TOT,54,798,19.5,2.1,8.0,16.5,.485,0.0,0.1,.000,3.5,6.7,.528,6.0,13.2,2.0,1.3,3.7,6.6,98,99
Thomas Robinson,POR,32,391,15.0,1.2,6.1,11.9,.516,0.0,0.0,,2.7,6.3,.438,4.3,13.0,2.1,1.4,4.3,7.0,90,98
Thomas Robinson,PHI,22,407,23.8,3.0,9.7,20.8,.467,0.0,0.2,.000,4.3,7.1,.603,7.6,13.3,2.0,1.1,3.2,6.2,103,100
Rajon Rondo,TOT,68,2018,15.2,13.4,6.9,16.1,.426,0.7,2.1,.314,0.8,1.9,.397,1.8,7.5,2.3,0.2,5.2,3.8,95,105
Rajon Rondo,BOS,22,699,13.0,17.0,5.8,14.3,.405,0.6,2.3,.250,0.9,2.6,.333,1.8,10.0,2.7,0.2,5.4,3.0,95,101
Rajon Rondo,DAL,46,1319,16.3,11.5,7.4,17.0,.436,0.7,2.1,.352,0.7,1.6,.452,1.8,6.1,2.1,0.2,5.2,4.2,94,107
Derrick Rose,CHI,51,1530,30.6,8.5,11.4,28.2,.405,2.6,9.2,.280,5.1,6.3,.813,1.2,4.3,1.2,0.5,5.4,2.1,97,108
Terrence Ross,TOR,82,2092,19.9,2.1,7.6,18.6,.410,3.6,9.6,.372,1.1,1.4,.786,0.8,4.8,1.3,0.6,1.7,3.4,103,110
Ricky Rubio,MIN,22,692,16.6,14.2,5.7,16.1,.356,1.0,3.7,.255,4.2,5.2,.803,1.4,7.8,2.8,0.1,4.7,4.3,98,110
Damjan Rudež,IND,68,1047,15.9,2.6,5.9,12.9,.452,3.4,8.4,.406,0.8,1.1,.696,0.4,1.9,0.8,0.2,2.3,3.9,105,109
Brandon Rush,GSW,33,271,5.4,2.2,2.0,9.7,.204,0.5,4.9,.111,0.9,2.0,.455,0.7,6.7,0.9,2.2,2.0,4.9,59,103
Robert Sacre,LAL,67,1133,13.8,2.5,5.7,13.8,.412,0.0,0.0,.000,2.5,3.7,.671,4.0,6.5,1.3,1.9,1.6,5.5,100,110
John Salmons,NOP,21,270,8.2,2.5,3.1,9.3,.333,1.6,5.1,.308,0.4,0.8,.500,0.8,3.3,1.8,0.8,1.0,4.9,94,110
JaKarr Sampson,PHI,74,1131,17.1,3.4,6.5,15.3,.422,1.4,5.6,.244,2.8,4.2,.670,1.6,5.7,1.7,1.2,3.4,6.0,93,106
Larry Sanders,MIL,27,586,17.1,2.0,7.5,15.0,.500,0.0,0.0,,2.1,4.2,.500,5.8,8.6,2.3,3.4,2.4,9.1,104,98
Dennis Schröder,ATL,77,1516,25.9,10.7,9.6,22.4,.427,1.8,5.0,.351,5.0,6.0,.827,1.0,4.6,1.7,0.1,5.1,4.3,101,106
Luis Scola,IND,81,1659,23.7,3.3,9.3,19.9,.467,0.2,0.6,.250,4.9,7.0,.699,4.3,12.0,1.5,0.6,2.9,6.0,104,101
Mike Scott,ATL,68,1123,24.1,3.4,9.1,20.6,.444,3.0,8.7,.344,2.8,3.5,.792,2.0,7.0,1.1,0.1,1.8,3.8,108,106
Thabo Sefolosha,ATL,52,976,14.6,3.9,5.4,13.0,.418,1.3,4.1,.321,2.4,3.0,.776,2.8,8.9,2.8,1.1,2.0,3.5,106,100
Kevin Séraphin,WAS,79,1235,21.6,2.4,9.6,18.7,.513,0.0,0.1,.000,2.4,3.4,.707,3.6,8.3,0.4,2.4,4.1,8.2,97,103
Ramon Sessions,TOT,64,1188,17.2,7.8,5.3,14.3,.374,0.8,2.6,.317,5.7,7.4,.769,1.0,5.2,1.2,0.0,3.7,3.1,100,109
Ramon Sessions,SAC,36,642,15.4,7.5,4.9,14.3,.344,0.5,2.2,.214,5.0,6.9,.727,1.0,4.4,1.0,0.0,4.0,3.5,91,113
Ramon Sessions,WAS,28,546,19.3,8.1,5.8,14.2,.411,1.2,3.0,.406,6.5,8.0,.812,0.9,6.1,1.5,0.0,3.3,2.6,110,105
Iman Shumpert,TOT,62,1545,16.8,4.6,6.5,15.9,.410,2.3,6.6,.342,1.5,2.2,.672,1.9,5.7,2.7,0.5,3.1,4.7,98,107
Iman Shumpert,NYK,24,625,18.9,6.6,7.4,18.1,.409,1.9,5.6,.348,2.1,3.1,.676,1.9,5.0,2.5,0.3,3.5,5.6,96,110
Iman Shumpert,CLE,38,920,15.4,3.2,5.9,14.5,.410,2.5,7.3,.338,1.0,1.5,.667,1.9,6.2,2.9,0.7,2.8,4.0,99,104
Alexey Shved,TOT,42,767,29.1,7.1,8.9,22.5,.397,3.2,9.3,.338,8.1,10.1,.807,1.5,5.1,2.0,0.4,3.2,3.2,111,109
Alexey Shved,PHI,17,285,29.7,8.1,9.1,22.9,.400,3.0,10.0,.298,8.4,10.0,.842,1.4,2.5,2.5,0.2,3.2,3.7,113,108
Alexey Shved,HOU,9,59,24.4,2.5,6.7,20.2,.333,3.4,10.1,.333,7.6,9.3,.818,0.8,2.5,0.8,0.0,4.2,1.7,96,110
Alexey Shved,NYK,16,423,29.4,7.1,9.1,22.5,.403,3.2,8.7,.371,8.0,10.2,.780,1.7,7.3,1.9,0.6,3.1,3.1,111,109
Henry Sims,PHI,73,1399,21.0,2.8,8.5,18.0,.474,0.1,0.8,.182,3.8,4.9,.774,4.3,8.5,1.4,1.1,3.5,4.8,100,105
Kyle Singler,TOT,80,1743,14.1,2.5,5.1,13.1,.386,2.8,7.1,.398,1.2,1.5,.769,1.0,4.7,1.4,0.6,1.6,4.5,104,109
Kyle Singler,DET,54,1287,15.5,2.7,5.6,14.1,.400,3.1,7.5,.406,1.2,1.4,.806,0.9,4.7,1.3,0.6,1.7,3.9,105,109
Kyle Singler,OKC,26,456,10.4,2.0,3.5,10.6,.333,2.2,5.9,.370,1.2,1.8,.688,1.1,4.9,1.5,0.8,1.4,6.0,98,107
Donald Sloan,IND,53,1107,18.2,8.8,6.7,16.5,.408,1.9,6.1,.313,2.8,3.6,.779,0.6,6.1,1.1,0.0,3.0,2.2,104,106
Marcus Smart,BOS,67,1808,14.5,5.8,4.8,13.2,.367,2.5,7.5,.335,2.3,3.5,.646,1.7,4.5,2.7,0.5,2.5,4.9,101,104
Greg Smith,DAL,42,363,11.1,1.3,4.2,6.8,.612,0.0,0.0,,2.8,5.4,.513,3.6,7.4,1.0,1.5,1.5,7.4,119,107
Ish Smith,TOT,55,832,20.4,10.8,8.6,22.1,.390,1.1,3.6,.300,2.0,3.4,.596,0.9,5.1,2.2,0.4,4.7,3.0,91,107
Ish Smith,OKC,30,155,12.0,9.1,4.9,14.6,.333,0.3,1.6,.200,1.9,2.9,.667,1.6,7.1,1.3,0.3,2.9,3.9,92,107
Ish Smith,PHI,25,677,22.3,11.3,9.5,23.8,.398,1.3,4.1,.309,2.1,3.6,.583,0.7,4.7,2.4,0.4,5.1,2.8,90,106
J.R. Smith,TOT,70,2080,21.2,4.9,7.9,18.9,.417,4.1,10.7,.383,1.4,1.8,.750,0.8,4.7,2.1,0.6,2.4,4.1,107,108
J.R. Smith,NYK,24,619,22.2,6.9,8.6,21.3,.402,2.7,7.7,.356,2.3,3.3,.692,0.3,4.6,1.5,0.3,3.8,3.7,94,112
J.R. Smith,CLE,46,1461,20.9,4.1,7.6,17.9,.425,4.7,12.0,.390,1.0,1.2,.818,0.9,4.8,2.3,0.6,1.9,4.2,113,107
Jason Smith,NYK,82,1785,19.3,4.1,7.6,17.5,.434,0.4,1.2,.357,3.7,4.5,.830,2.9,6.7,0.9,1.3,3.1,6.0,99,111
Josh Smith,TOT,83,2300,22.5,6.1,9.1,21.7,.419,1.6,5.0,.316,2.8,5.6,.498,3.3,8.3,1.9,2.5,4.5,5.0,94,102
Josh Smith,DET,28,896,21.2,7.6,8.8,22.6,.391,0.5,2.1,.243,3.0,6.4,.468,3.0,8.7,2.1,2.8,4.2,4.7,90,102
Josh Smith,HOU,55,1404,23.4,5.1,9.2,21.1,.438,2.2,6.8,.330,2.7,5.1,.521,3.5,8.1,1.8,2.4,4.7,5.2,97,102
Russ Smith,TOT,12,65,24.2,6.4,6.4,20.1,.320,1.6,8.9,.182,9.7,10.5,.923,0.8,4.0,2.4,0.0,9.7,10.5,81,106
Russ Smith,NOP,6,29,9.1,3.6,3.6,18.1,.200,1.8,10.9,.167,0.0,0.0,,0.0,5.4,0.0,0.0,12.7,10.9,36,113
Russ Smith,MEM,6,36,36.2,8.7,8.7,21.7,.400,1.4,7.2,.200,17.4,18.8,.923,1.4,2.9,4.3,0.0,7.2,10.1,111,100
Tony Snell,CHI,72,1412,15.9,2.3,5.8,13.6,.429,2.7,7.2,.371,1.6,2.0,.800,1.1,5.3,1.2,0.4,1.8,3.2,108,107
Marreese Speights,GSW,76,1207,32.0,2.9,12.9,26.1,.492,0.2,0.7,.278,6.1,7.2,.843,4.4,8.7,0.8,1.4,3.3,7.6,108,102
Tiago Splitter,SAS,52,1030,21.3,3.9,8.4,15.1,.558,0.0,0.0,,4.5,6.0,.750,4.5,8.0,1.7,1.8,3.0,5.1,117,101
Nik Stauskas,SAC,73,1127,14.2,3.0,4.8,13.2,.365,2.1,6.7,.322,2.5,2.9,.859,0.5,3.4,0.9,0.8,1.8,4.1,100,113
Lance Stephenson,CHO,61,1573,16.4,7.9,6.8,18.1,.376,0.6,3.4,.171,2.3,3.6,.627,1.3,7.8,1.2,0.3,4.2,4.4,85,105
Greg Stiemsma,TOR,17,66,11.0,2.4,4.7,6.3,.750,0.0,0.0,,1.6,3.1,.500,7.1,4.7,1.6,0.0,5.5,11.8,103,110
David Stockton,SAC,3,33,12.2,13.7,3.1,9.2,.333,1.5,3.1,.500,4.6,9.2,.500,0.0,3.1,3.1,0.0,6.1,1.5,90,109
Jarnell Stokes,MEM,19,126,23.6,1.7,8.7,15.3,.568,0.0,0.0,,6.2,11.6,.536,6.6,7.5,2.1,2.1,2.9,10.4,114,100
Amar'e Stoudemire,TOT,59,1245,28.4,1.9,11.4,20.4,.557,0.0,0.2,.000,5.6,7.8,.720,4.6,9.1,1.2,1.6,3.3,6.7,112,107
Amar'e Stoudemire,NYK,36,865,26.3,2.3,10.3,18.9,.543,0.0,0.2,.000,5.7,7.7,.740,5.1,9.9,1.2,2.1,3.8,6.8,109,107
Amar'e Stoudemire,DAL,23,380,32.9,1.1,13.8,23.8,.581,0.0,0.1,.000,5.3,7.8,.678,3.6,7.6,1.2,0.5,2.0,6.6,117,107
Rodney Stuckey,IND,71,1874,24.6,6.0,9.1,20.7,.440,1.5,3.9,.390,4.9,5.9,.819,1.0,5.8,1.5,0.3,3.2,3.6,104,105
Jared Sullinger,BOS,58,1566,24.6,4.3,9.9,22.6,.439,1.7,5.9,.283,3.1,4.1,.744,4.7,9.4,1.4,1.3,2.5,4.9,106,103
Jeffery Taylor,CHO,29,430,15.3,2.6,5.4,13.7,.395,1.3,4.3,.306,3.1,4.9,.634,1.7,4.7,1.4,0.1,2.3,4.3,95,106
Jeff Teague,ATL,73,2228,26.7,11.8,9.4,20.3,.460,1.6,4.7,.343,6.3,7.3,.862,0.7,3.5,2.9,0.7,4.7,3.2,111,104
Mirza Teletović,BRK,40,892,19.7,2.7,7.1,18.5,.382,3.6,11.2,.321,1.9,2.7,.717,1.6,9.7,0.8,0.9,3.1,4.3,95,107
Sebastian Telfair,OKC,16,327,20.5,6.9,7.1,19.2,.368,2.8,9.2,.300,3.7,5.2,.706,0.3,4.3,1.5,0.0,2.8,4.4,102,109
Garrett Temple,WAS,52,735,14.2,3.9,4.7,11.9,.400,2.3,6.1,.375,2.4,3.3,.729,1.7,4.6,2.9,0.6,2.4,5.3,104,102
Jason Terry,HOU,77,1641,16.4,4.5,5.7,13.5,.422,3.8,9.8,.390,1.2,1.5,.813,0.5,3.2,2.0,0.6,2.2,3.5,112,106
Isaiah Thomas,TOT,67,1726,31.8,8.2,9.7,23.1,.420,3.7,10.0,.373,8.7,10.1,.868,1.0,3.5,1.6,0.1,4.1,4.3,114,109
Isaiah Thomas,PHO,46,1181,29.6,7.2,9.2,21.6,.426,3.4,8.7,.391,7.8,8.9,.872,1.1,3.5,1.9,0.2,3.8,4.4,115,109
Isaiah Thomas,BOS,21,545,36.8,10.4,10.8,26.2,.411,4.4,12.8,.345,10.8,12.6,.861,0.6,3.4,1.1,0.0,5.0,4.1,114,109
Lance Thomas,TOT,62,1490,15.4,2.4,6.3,15.4,.412,0.2,0.8,.318,2.5,3.4,.727,2.3,4.5,1.3,0.3,2.6,3.5,91,112
Lance Thomas,OKC,22,450,12.6,2.2,5.0,14.0,.357,0.0,0.1,.000,2.6,3.7,.697,3.1,5.2,1.2,0.0,1.9,4.2,91,109
Lance Thomas,NYK,40,1040,16.7,2.5,6.9,16.0,.434,0.4,1.1,.333,2.5,3.3,.742,1.9,4.2,1.3,0.4,2.9,3.2,92,113
Malcolm Thomas,PHI,17,194,11.6,1.8,4.7,10.3,.450,0.0,1.8,.000,2.3,3.4,.692,4.1,10.3,0.8,0.3,3.4,4.4,91,106
Tyrus Thomas,MEM,2,7,29.8,7.5,7.5,7.5,1.000,0.0,0.0,,14.9,14.9,1.000,0.0,0.0,0.0,0.0,0.0,0.0,224,112
Hollis Thompson,PHI,71,1776,17.7,2.4,6.3,15.3,.413,3.2,8.1,.401,1.8,2.5,.708,1.5,4.1,1.6,0.7,1.9,4.0,105,108
Jason Thompson,SAC,81,1991,12.4,2.1,5.1,10.8,.470,0.0,0.0,.000,2.3,3.6,.622,3.5,9.9,0.8,1.4,2.1,6.0,103,108
Klay Thompson,GSW,77,2455,33.2,4.4,12.0,25.8,.463,4.8,10.8,.439,4.5,5.1,.879,0.5,4.4,1.7,1.2,3.0,2.4,112,104
Tristan Thompson,CLE,82,2194,16.4,0.9,6.3,11.6,.547,0.0,0.0,,3.8,5.9,.641,6.5,9.1,0.8,1.4,2.0,4.5,121,106
Marcus Thornton,TOT,48,721,26.4,2.5,9.7,24.0,.406,3.7,9.9,.378,3.2,3.9,.821,1.6,4.4,1.9,0.5,1.9,2.6,103,106
Marcus Thornton,BOS,39,640,27.2,2.7,9.9,23.9,.416,4.1,9.7,.419,3.3,4.0,.824,1.5,4.2,1.6,0.5,1.7,2.7,107,107
Marcus Thornton,PHO,9,81,19.7,1.2,8.0,24.6,.325,1.2,11.7,.105,2.5,3.1,.800,2.5,5.5,3.7,0.0,3.1,1.8,78,104
Anthony Tolliver,TOT,76,1432,17.3,2.1,5.8,14.1,.410,3.8,10.4,.366,1.9,2.5,.783,1.8,6.6,0.9,0.6,1.8,4.9,112,109
Anthony Tolliver,PHO,24,272,14.7,1.8,4.8,13.6,.351,4.4,11.4,.387,0.7,1.1,.667,1.1,7.0,0.7,0.2,2.0,3.7,100,109
Anthony Tolliver,DET,52,1160,17.9,2.2,6.0,14.2,.423,3.7,10.2,.360,2.2,2.8,.794,2.0,6.6,0.9,0.7,1.8,5.2,115,109
P.J. Tucker,PHO,78,2383,14.9,2.6,5.5,12.5,.438,1.8,5.3,.345,2.2,3.0,.727,2.4,8.1,2.2,0.5,2.0,3.7,108,105
Ronny Turiaf,MIN,2,19,0.0,5.4,0.0,0.0,,0.0,0.0,,0.0,0.0,,0.0,2.7,0.0,0.0,0.0,0.0,214,119
Hedo Türkoğlu,LAC,62,705,16.7,2.7,6.0,13.5,.441,4.3,10.0,.432,0.4,0.8,.545,0.4,6.8,1.4,0.5,2.1,4.7,107,107
Evan Turner,BOS,82,2260,17.3,9.9,7.1,16.5,.429,0.7,2.6,.277,2.3,3.1,.752,0.9,8.4,1.8,0.4,4.4,4.0,96,104
Ekpe Udoh,LAC,33,128,11.5,3.2,4.4,9.5,.458,0.0,0.0,,2.8,3.6,.778,2.8,7.5,3.2,2.8,2.8,7.9,101,100
Beno Udrih,MEM,79,1494,21.1,7.7,8.6,17.6,.487,0.9,3.4,.268,3.0,3.6,.853,0.7,4.3,1.6,0.3,3.1,3.1,108,105
Jonas Valančiūnas,TOR,80,2096,23.8,1.0,9.2,16.1,.572,0.0,0.0,.000,5.4,6.8,.786,5.3,11.8,0.8,2.3,2.7,5.5,121,105
Anderson Varejão,CLE,26,636,20.8,2.9,9.1,16.3,.555,0.0,0.2,.000,2.7,3.7,.733,4.7,9.2,1.6,1.3,2.9,4.7,114,105
Greivis Vásquez,TOR,82,1991,20.1,7.8,7.7,18.8,.408,3.5,9.1,.379,1.3,1.7,.758,0.6,5.0,1.2,0.3,3.1,4.6,105,110
Charlie Villanueva,DAL,64,678,30.0,1.4,11.2,26.9,.414,6.2,16.4,.376,1.5,2.6,.571,2.2,8.9,1.1,1.6,2.1,4.8,104,105
Noah Vonleh,CHO,25,259,16.5,0.8,6.0,15.2,.395,1.0,2.6,.385,3.6,5.2,.692,5.6,11.6,0.8,1.8,2.2,4.0,99,102
Nikola Vučević,ORL,74,2529,28.9,3.0,12.8,24.4,.523,0.0,0.1,.333,3.3,4.4,.752,4.8,11.6,1.1,1.1,3.0,4.4,109,106
Dwyane Wade,MIA,62,1971,35.7,8.0,13.6,29.0,.470,0.8,2.7,.284,7.6,9.9,.768,1.6,4.3,2.0,0.6,5.6,2.8,102,108
Dion Waiters,TOT,80,2208,21.6,3.7,8.6,21.8,.396,1.7,5.7,.297,2.7,4.0,.680,0.9,3.5,2.1,0.5,2.6,3.6,95,108
Dion Waiters,CLE,33,786,22.8,4.9,9.1,22.6,.404,1.5,5.7,.256,3.1,4.0,.783,0.8,3.0,2.9,0.7,3.3,3.9,95,106
Dion Waiters,OKC,47,1422,21.0,3.1,8.4,21.3,.392,1.8,5.6,.319,2.5,3.9,.625,1.0,3.7,1.6,0.4,2.2,3.4,95,108
Henry Walker,MIA,24,628,14.7,2.4,4.9,14.1,.345,3.8,11.1,.341,1.2,1.5,.778,0.6,6.3,2.0,0.8,2.0,6.4,96,107
Kemba Walker,CHO,62,2119,26.2,7.7,9.2,23.9,.385,2.1,6.8,.304,5.7,6.9,.827,0.9,4.5,2.2,0.8,2.4,2.2,103,104
John Wall,WAS,79,2837,25.1,14.3,9.4,21.1,.445,1.2,3.9,.300,5.1,6.5,.785,0.7,6.0,2.5,0.8,5.5,3.3,105,102
Gerald Wallace,BOS,32,286,6.1,1.9,2.5,6.0,.412,0.2,0.5,.333,1.1,2.6,.400,3.0,7.0,2.6,0.7,3.2,3.3,79,103
T.J. Warren,PHO,40,614,19.9,2.0,9.2,17.4,.528,0.4,1.7,.238,1.1,1.5,.737,3.3,3.6,1.5,0.7,2.2,4.1,108,109
C.J. Watson,IND,57,1422,20.6,7.5,6.6,15.1,.434,2.5,6.3,.400,5.0,6.1,.826,0.7,5.3,2.1,0.3,3.6,3.9,110,104
David Wear,SAC,2,7,0.0,7.2,0.0,14.4,.000,0.0,7.2,.000,0.0,0.0,,14.4,0.0,0.0,0.0,0.0,7.2,78,117
Travis Wear,NYK,51,672,15.6,3.1,6.6,16.4,.402,0.9,2.4,.367,1.6,2.0,.769,2.4,5.9,1.2,0.9,2.7,4.3,90,112
Martell Webster,WAS,32,352,15.4,2.5,3.5,13.2,.264,1.5,6.3,.233,7.0,9.3,.750,1.5,5.2,1.0,0.1,3.2,3.5,89,106
David West,IND,66,1895,20.9,6.1,8.8,18.6,.471,0.1,0.5,.200,3.2,4.4,.739,2.9,9.3,1.3,1.3,3.3,4.3,103,102
Russell Westbrook,OKC,67,2302,41.1,12.5,13.7,32.0,.426,1.9,6.3,.299,11.9,14.2,.835,2.7,7.9,3.0,0.3,6.4,4.0,111,103
Hassan Whiteside,MIA,48,1142,26.1,0.3,11.2,17.9,.628,0.0,0.0,,3.6,7.2,.500,6.7,15.6,1.2,5.7,2.7,6.0,117,97
Shayne Whittington,IND,20,108,27.2,2.9,9.1,20.0,.452,0.5,2.9,.167,8.6,11.0,.783,4.8,9.1,2.4,1.0,2.4,8.6,114,100
Andrew Wiggins,MIN,82,2969,23.8,2.9,8.5,19.5,.437,0.7,2.2,.310,6.1,8.0,.760,2.3,4.1,1.5,0.9,3.0,3.3,103,114
C.J. Wilcox,LAC,21,101,20.6,4.0,8.0,19.1,.421,3.5,9.5,.368,1.0,1.0,1.000,0.5,3.0,1.5,0.5,5.0,3.5,89,109
Deron Williams,BRK,68,2114,21.6,11.0,7.3,18.9,.387,2.1,5.8,.367,4.9,5.9,.834,0.7,5.1,1.6,0.4,3.8,3.8,105,109
Derrick Williams,SAC,74,1462,21.2,1.7,7.5,16.7,.447,1.7,5.4,.314,4.6,6.7,.684,1.4,5.5,1.2,0.1,1.9,2.3,108,112
Elliot Williams,TOT,13,119,16.4,5.3,6.2,16.4,.378,3.5,8.0,.444,0.4,1.8,.250,0.0,3.5,1.8,0.0,1.8,5.3,100,110
Elliot Williams,UTA,5,42,22.8,5.1,7.6,16.4,.462,6.3,8.9,.714,1.3,2.5,.500,0.0,3.8,2.5,0.0,5.1,1.3,106,107
Elliot Williams,NOP,8,77,13.0,5.5,5.5,16.4,.333,2.0,7.5,.273,0.0,1.4,.000,0.0,3.4,1.4,0.0,0.0,7.5,96,111
Lou Williams,TOR,80,2016,31.9,4.2,9.6,23.8,.404,3.9,11.5,.340,8.7,10.1,.861,0.6,3.3,2.3,0.3,2.6,2.6,114,109
Marvin Williams,CHO,78,2035,14.6,2.5,5.3,12.6,.424,2.4,6.7,.358,1.6,2.2,.713,1.5,8.3,1.8,0.9,1.5,3.7,106,103
Mo Williams,TOT,68,1980,24.9,11.0,8.8,22.2,.397,3.1,9.0,.342,4.2,4.8,.872,0.6,3.9,1.2,0.4,4.4,4.2,102,112
Mo Williams,MIN,41,1149,22.1,11.5,8.0,19.8,.403,2.6,7.5,.347,3.5,4.2,.851,0.6,3.8,1.3,0.4,4.5,4.6,103,115
Mo Williams,CHO,27,831,28.9,10.1,10.0,25.7,.390,3.7,11.1,.337,5.2,5.8,.892,0.6,4.2,1.0,0.4,4.3,3.7,102,107
Reggie Williams,SAS,20,105,18.0,4.9,7.3,19.0,.385,1.5,9.3,.158,2.0,2.0,1.000,2.4,5.9,0.5,0.0,1.0,5.9,104,107
Shawne Williams,TOT,63,1087,16.5,2.1,5.9,14.5,.403,3.1,8.6,.360,1.7,1.9,.875,1.7,6.3,1.2,1.0,1.5,6.5,109,108
Shawne Williams,MIA,44,924,16.7,2.1,5.8,13.7,.425,3.4,8.7,.395,1.6,1.9,.848,1.5,6.4,1.2,1.0,1.3,6.6,114,108
Shawne Williams,DET,19,163,15.5,2.5,6.0,19.0,.317,1.3,8.2,.154,2.2,2.2,1.000,2.9,5.7,1.3,1.3,2.2,6.0,86,108
Jeff Withey,NOP,37,259,19.9,2.2,6.5,13.0,.500,0.0,0.0,,6.9,10.1,.680,4.7,8.3,0.8,3.7,2.4,5.3,116,105
Nate Wolters,TOT,21,247,8.8,4.4,4.2,11.9,.351,0.0,1.5,.000,0.4,1.3,.333,1.7,5.4,1.7,0.4,2.7,3.8,77,106
Nate Wolters,MIL,11,142,9.0,3.6,4.3,11.1,.387,0.0,1.8,.000,0.4,1.4,.250,0.7,5.0,1.8,0.0,1.1,4.0,87,105
Nate Wolters,NOP,10,105,8.5,5.5,4.0,13.0,.308,0.0,1.0,.000,0.5,1.0,.500,3.0,6.0,1.5,1.0,5.0,3.5,69,108
Brandan Wright,TOT,75,1449,18.8,1.4,8.1,12.5,.642,0.0,0.1,.000,2.7,3.9,.696,4.4,6.7,1.7,3.2,1.2,3.5,133,104
Brandan Wright,DAL,27,505,23.8,1.0,10.1,13.5,.748,0.0,0.0,,3.6,4.8,.750,5.1,5.9,1.7,4.2,1.3,4.4,148,104
Brandan Wright,BOS,8,86,15.1,4.7,7.0,12.2,.571,0.0,0.0,,1.2,2.3,.500,4.1,5.8,0.6,2.9,2.9,2.3,110,105
Brandan Wright,PHO,40,858,16.3,1.3,7.0,12.0,.580,0.0,0.2,.000,2.3,3.5,.667,4.1,7.2,1.9,2.7,0.9,3.1,126,104
Dorell Wright,POR,48,592,18.8,3.5,6.2,16.4,.379,3.5,9.3,.380,2.9,3.6,.810,1.2,8.3,1.7,0.9,1.5,4.7,109,102
Tony Wroten,PHI,30,895,28.4,8.8,9.8,24.3,.403,2.1,8.0,.261,6.7,10.1,.667,1.2,3.6,2.7,0.4,6.3,4.0,94,106
James Young,BOS,31,332,15.8,2.0,5.4,15.4,.353,2.6,10.0,.258,2.4,4.4,.552,1.4,5.0,1.2,0.3,0.8,3.3,99,107
Nick Young,LAL,42,1000,28.8,2.1,8.9,24.3,.366,4.2,11.5,.369,6.7,7.6,.892,0.9,4.0,1.2,0.6,2.2,4.2,105,113
Thaddeus Young,TOT,76,2434,22.5,3.6,9.5,20.3,.466,0.8,2.4,.330,2.8,4.2,.655,2.7,6.0,2.6,0.5,2.5,3.6,102,109
Thaddeus Young,MIN,48,1605,21.7,4.3,9.2,20.3,.451,0.6,2.1,.292,2.8,4.1,.682,2.4,5.4,2.7,0.5,2.4,3.6,101,111
Thaddeus Young,BRK,28,829,24.1,2.4,10.1,20.4,.495,1.2,3.1,.380,2.7,4.4,.606,3.2,7.1,2.4,0.5,2.6,3.5,105,106
Cody Zeller,CHO,62,1487,16.4,3.5,6.0,13.0,.461,0.0,0.0,1.000,4.4,5.7,.774,3.4,9.2,1.2,1.7,2.2,5.4,108,102
Tyler Zeller,BOS,82,1731,24.1,3.3,9.8,17.9,.549,0.0,0.0,,4.4,5.4,.823,4.2,9.2,0.5,1.5,2.2,5.9,119,105
